,airmass,date,fname,juliandate,mag1,mag10,mag2,mag3,mag4,mag5,mag6,mag7,mag8,mag9,merr1,merr10,merr2,merr3,merr4,merr5,merr6,merr7,merr8,merr9
0,1.63,31130,rccd031130.0112_gregist,2452974.80649,21.798,18.617,,19.387,19.834,21.408,,,19.09,19.153,0.016,0.001,,0.002,0.002,0.009,,,0.002,0.002
1,1.66,31201,rccd031201.0083_gregist,2452975.79859,21.783,18.607,,19.373,19.826,21.508,,18.582,19.076,19.13,0.017,0.001,,0.002,0.002,0.009,,0.001,0.001,0.001
2,1.58,31206,rccd031206.0087_gregist,2452980.80327,21.762,18.617,,19.365,19.84,21.485,,18.596,19.08,19.15,0.041,0.002,,0.004,0.005,0.022,,0.002,0.003,0.003
3,1.44,31207,rccd031207.0042_gregist,2452981.83829,21.904,18.667,17.322,19.426,19.873,21.439,17.813,18.646,19.132,19.192,0.048,0.002,0.001,0.005,0.006,0.024,0.001,0.002,0.003,0.004
4,1.4,31208,rccd031208.0096_gregist,2452982.85243,21.848,18.578,,19.35,19.795,21.409,,18.554,19.064,19.104,0.064,0.003,,0.005,0.008,0.035,,0.003,0.004,0.005
5,1.58,31210,rccd031210.0075_gregist,2452984.79145,21.882,18.608,,19.371,19.841,21.443,,18.593,19.079,19.144,0.037,0.002,,0.003,0.005,0.021,,0.002,0.003,0.003
6,1.5,31212,rccd031212.0088_gregist,2452986.80559,21.776,18.613,,19.376,19.831,21.489,,18.593,19.065,19.114,0.026,0.001,,0.003,0.004,0.018,,0.001,0.003,0.003
7,1.51,31213,rccd031213.0107_gregist,2452987.80103,21.92,18.641,,19.4,19.846,21.555,,18.617,19.111,19.171,0.027,0.001,,0.003,0.004,0.019,,0.001,0.002,0.003
8,1.53,31214,rccd031214.0069_gregist,2452988.79352,21.859,18.637,,19.389,19.843,21.503,,18.61,19.095,19.157,0.022,0.001,,0.002,0.004,0.015,,0.001,0.002,0.002
9,1.43,31215,rccd031215.0082_gregist,2452989.82293,21.794,18.61,,19.371,19.811,21.509,17.749,18.579,19.076,19.136,0.021,0.001,,0.002,0.003,0.014,0.001,0.001,0.002,0.002
10,1.42,31216,rccd031216.0094_gregist,2452990.82156,21.775,18.639,,19.38,19.839,21.549,,18.616,19.108,19.159,0.018,0.001,,0.002,0.003,0.013,,0.001,0.002,0.002
11,1.41,31217,rccd031217.0095_gregist,2452991.82437,21.832,18.664,,19.423,19.876,21.551,,18.636,19.129,19.184,0.019,0.001,,0.002,0.003,0.013,,0.001,0.002,0.002
12,1.38,31218,rccd031218.0081_gregist,2452992.83342,21.821,18.634,,19.394,19.847,21.457,,18.611,19.098,19.156,0.019,0.001,,0.002,0.003,0.009,,0.001,0.002,0.002
13,1.35,31219,rccd031219.0082_gregist,2452993.84585,21.92,18.712,,19.471,19.931,21.621,17.859,18.692,19.182,19.234,0.028,0.001,,0.002,0.004,0.017,0.001,0.001,0.002,0.002
14,1.41,31220,rccd031220.0092_gregist,2452994.81471,21.813,18.624,,19.389,19.835,21.525,,18.601,19.088,19.151,0.014,0.001,,0.002,0.002,0.009,,0.001,0.001,0.002
15,1.38,31221,rccd031221.0073_gregist,2452995.82403,21.811,18.625,,19.388,19.847,21.488,17.773,18.604,19.097,19.149,0.013,0.001,,0.002,0.002,0.009,0.001,0.001,0.002,0.002
16,1.41,31222,rccd031222.0066_gregist,2452996.80890,21.828,18.616,,19.387,19.831,21.494,,18.602,19.098,19.145,0.016,0.001,,0.002,0.002,0.009,,0.001,0.002,0.002
17,1.34,31223,rccd031223.0162_gregist,2452997.84216,21.909,18.673,17.33,19.435,19.889,21.576,17.822,18.655,19.144,19.187,0.019,0.001,0.001,0.002,0.003,0.011,0.001,0.001,0.002,0.002
18,1.37,31224,rccd031224.0152_gregist,2452998.82354,21.837,18.594,,19.371,19.823,21.516,,18.586,19.077,19.132,0.015,0.001,,0.002,0.002,0.009,,0.001,0.001,0.002
19,1.36,31225,rccd031225.0104_gregist,2452999.82715,21.818,18.614,,19.372,19.832,21.514,,18.584,19.066,19.141,0.014,0.001,,0.002,0.002,0.008,,0.001,0.001,0.002
20,1.32,31228,rccd031228.0141_gregist,2453002.83899,21.773,18.611,,19.375,19.824,21.475,,,19.052,19.14,0.014,0.001,,0.002,0.002,0.01,,,0.001,0.002
21,1.34,31229,rccd031229.0095_gregist,2453003.82831,21.796,18.617,,19.38,19.828,21.252,,18.591,19.077,19.139,0.014,0.001,,0.002,0.002,0.008,,0.001,0.001,0.002
22,1.33,31230,rccd031230.0100_gregist,2453004.83188,21.93,18.732,,19.494,19.943,21.627,,18.71,19.195,19.254,0.015,0.001,,0.002,0.002,0.01,,0.001,0.001,0.002
23,1.31,40102,rccd040102.0055_gregist,2453007.83886,21.742,18.632,,19.404,19.855,21.55,,18.615,19.097,19.156,0.014,0.001,,0.002,0.002,0.009,,0.001,0.001,0.002
24,1.31,40104,rccd040104.0127_gregist,2453009.83303,21.91,18.69,,19.452,19.905,21.607,17.828,18.667,19.162,19.205,0.015,0.001,,0.002,0.002,0.01,0.001,0.001,0.002,0.002
25,1.29,40108,rccd040108.0074_gregist,2453013.83882,21.814,,,19.35,19.814,21.447,,,19.054,19.104,0.041,,,0.004,0.005,0.021,,,0.003,0.003
26,1.29,40110,rccd040110.0116_gregist,2453015.83186,21.746,18.552,,19.281,19.78,21.443,,18.529,19.001,19.08,0.03,0.001,,0.003,0.004,0.018,,0.001,0.002,0.003
27,1.29,40111,rccd040111.0158_gregist,2453016.84044,21.734,18.567,,19.331,19.787,21.525,,18.543,19.035,19.09,0.025,0.001,,0.002,0.004,0.019,,0.001,0.002,0.002
28,1.34,40112,rccd040112.0063_gregist,2453017.78845,21.802,18.551,,19.316,19.779,21.448,,18.531,19.022,19.074,0.027,0.001,,0.002,0.004,0.016,,0.001,0.002,0.002
29,1.33,40113,rccd040113.0106_gregist,2453018.79361,21.719,18.622,,19.394,19.839,21.493,17.767,18.591,19.096,19.148,0.021,0.001,,0.003,0.003,0.015,0.001,0.001,0.002,0.002
30,1.3,40116,rccd040116.0099_gregist,2453021.80863,21.829,18.638,,19.403,19.845,21.564,17.779,18.615,19.114,19.161,0.018,0.001,,0.002,0.003,0.012,0.001,0.001,0.002,0.002
31,1.29,40117,rccd040117.0083_gregist,2453022.82526,21.814,18.605,,19.381,19.827,21.511,,18.584,19.078,19.137,0.016,0.001,,0.002,0.003,0.01,,0.001,0.001,0.002
32,1.33,40118,rccd040118.0108_gregist,2453023.77425,21.827,18.577,,19.342,19.793,21.483,,18.556,19.055,19.1,0.016,0.001,,0.002,0.002,0.008,,0.001,0.001,0.002
33,1.3,40119,rccd040119.0127_gregist,2453024.79998,21.773,18.58,,19.338,19.799,21.498,,18.559,19.045,19.108,0.012,0.001,,0.002,0.002,0.008,,0.001,0.001,0.001
34,1.43,40121,rccd040121.0067_gregist,2453026.71993,21.781,18.588,,19.362,19.806,21.499,,18.571,19.065,19.115,0.013,0.001,,0.001,0.002,0.009,,0.001,0.001,0.001
35,1.36,40123,rccd040123.0113_gregist,2453028.74554,21.772,18.619,,19.377,19.838,21.536,,18.601,19.094,19.149,0.015,0.001,,0.002,0.002,0.008,,0.001,0.001,0.002
36,1.31,40124,rccd040124.0115_gregist,2453029.78061,21.802,18.609,,19.371,19.826,21.518,,18.579,19.079,19.13,0.016,0.001,,0.002,0.002,0.009,,0.001,0.001,0.002
37,1.29,40125,rccd040125.0141_gregist,2453030.80062,21.803,18.615,,19.367,19.83,21.511,,18.587,19.081,19.136,0.014,0.001,,0.002,0.002,0.009,,0.001,0.002,0.002
38,1.32,40126,rccd040126.0078_gregist,2453031.76439,21.746,,,19.343,19.785,21.477,,,19.041,19.102,0.014,,,0.002,0.002,0.009,,,0.001,0.001
39,1.39,40127,rccd040127.0066_gregist,2453032.72105,21.726,18.581,,19.342,19.796,21.491,,18.554,19.045,19.102,0.012,0.001,,0.001,0.002,0.009,,0.001,0.001,0.001
40,1.29,40128,rccd040128.0070_gregist,2453033.78451,21.736,18.56,,19.327,19.778,21.433,,18.536,19.03,19.082,0.013,0.001,,0.001,0.002,0.009,,0.001,0.001,0.001
41,1.29,40130,rccd040130.0115_gregist,2453035.78497,21.779,18.588,,19.354,19.805,21.479,,18.561,19.063,19.114,0.014,0.001,,0.002,0.002,0.009,,0.001,0.001,0.001
42,1.28,40131,rccd040131.0158_gregist,2453036.79377,21.78,18.584,,19.348,19.802,21.503,,18.559,19.057,19.11,0.012,0.001,,0.001,0.002,0.009,,0.001,0.001,0.001
43,1.31,40201,rccd040201.0113_gregist,2453037.75837,21.739,18.594,,19.364,19.812,21.495,,18.573,19.055,19.123,0.019,0.001,,0.002,0.003,0.011,,0.001,0.002,0.002
44,1.34,40202,rccd040202.0092_gregist,2453038.72946,21.816,18.592,,19.348,19.817,21.467,,18.571,19.068,19.124,0.027,0.002,,0.003,0.005,0.018,,0.002,0.002,0.003
45,1.32,40203,rccd040203.0117_gregist,2453039.73883,21.859,18.618,,19.386,19.846,21.487,,18.601,19.101,19.151,0.037,0.002,,0.003,0.005,0.02,,0.002,0.003,0.003
46,1.29,40205,rccd040205.0189_gregist,2453041.82766,21.812,18.605,,19.387,19.838,21.533,,18.599,19.085,19.145,0.044,0.002,,0.005,0.006,0.029,,0.002,0.004,0.004
47,1.32,40207,rccd040207.0123_gregist,2453043.72897,22.039,18.732,,19.506,19.944,21.593,17.875,18.709,19.204,19.254,0.058,0.002,,0.005,0.006,0.03,0.001,0.002,0.004,0.003
48,1.28,40208,rccd040208.0109_gregist,2453044.76926,21.795,18.619,,19.389,19.842,21.525,,18.598,19.098,19.142,0.037,0.002,,0.003,0.005,0.024,,0.002,0.003,0.003
49,1.29,40209,rccd040209.0181_gregist,2453045.81510,21.822,18.662,,19.422,19.843,21.62,17.807,18.641,19.136,19.182,0.038,0.002,,0.004,0.005,0.024,0.001,0.002,0.003,0.003
50,1.3,40211,rccd040211.0165_gregist,2453047.82112,21.775,18.587,,19.341,19.802,21.46,,18.562,19.052,19.106,0.027,0.001,,0.002,0.003,0.015,,0.001,0.002,0.002
51,1.32,40214,rccd040214.0080_gregist,2453050.71174,21.746,18.579,,19.341,19.795,21.48,,18.554,19.048,19.102,0.014,0.001,,0.001,0.002,0.009,,0.001,0.001,0.001
52,1.28,40216,rccd040216.0176_gregist,2453052.78552,21.772,18.571,,19.343,19.788,21.474,,18.552,19.044,19.098,0.014,0.001,,0.002,0.002,0.008,,0.001,0.001,0.002
53,1.37,40219,rccd040219.0038_gregist,2453055.66764,21.823,18.635,,19.407,19.857,21.567,,18.614,19.111,19.162,0.014,0.001,,0.002,0.002,0.009,,0.001,0.001,0.001
54,1.29,40221,rccd040221.0180_gregist,2453057.78194,21.842,18.608,,19.373,19.83,21.521,,18.592,19.086,19.136,0.017,0.001,,0.002,0.002,0.009,,0.001,0.001,0.002
55,1.32,40222,rccd040222.0075_gregist,2453058.68591,21.829,18.674,,19.444,19.895,21.566,,18.653,19.15,19.204,0.013,0.001,,0.002,0.002,0.008,,0.001,0.001,0.002
56,1.33,40223,rccd040223.0041_gregist,2453059.67883,21.823,18.638,,19.412,19.856,21.553,,18.613,19.112,19.162,0.014,0.001,,0.002,0.002,0.009,,0.001,0.001,0.002
57,1.32,40224,rccd040224.0065_gregist,2453060.68412,21.816,18.631,,19.398,19.852,21.505,,18.613,19.104,19.155,0.014,0.001,,0.002,0.002,0.008,,0.001,0.001,0.002
58,1.35,40225,rccd040225.0067_gregist,2453061.65877,21.86,18.667,,19.422,19.879,21.591,17.806,18.64,19.137,19.185,0.013,0.001,,0.002,0.002,0.009,0.001,0.001,0.001,0.002
59,1.29,40226,rccd040226.0088_gregist,2453062.70756,22.129,19.243,17.908,20.01,20.461,22.161,18.392,19.222,19.722,19.763,0.017,0.001,0.001,0.003,0.004,0.015,0.001,0.001,0.002,0.002
60,1.3,40227,rccd040227.0091_gregist,2453063.69108,21.789,18.6,,19.358,19.811,21.507,,18.551,19.072,19.123,0.015,0.001,,0.002,0.002,0.008,,0.001,0.001,0.002
61,1.28,40302,rccd040302.0121_gregist,2453067.71384,21.816,18.603,,19.361,19.816,21.47,,18.585,19.067,19.13,0.027,0.001,,0.002,0.004,0.016,,0.001,0.002,0.003
62,1.3,40304,rccd040304.0089_gregist,2453069.67868,21.727,18.587,,19.354,19.791,21.496,,18.572,19.062,19.107,0.029,0.002,,0.004,0.005,0.022,,0.002,0.003,0.003
63,1.31,40306,rccd040306.0092_gregist,2453071.66495,21.806,18.598,,19.367,19.809,21.402,,18.573,19.069,19.136,0.05,0.002,,0.005,0.006,0.028,,0.002,0.004,0.004
64,1.31,40309,rccd040309.0065_gregist,2453074.65271,21.903,18.631,,19.376,19.834,21.554,,18.606,19.097,19.166,0.041,0.002,,0.003,0.005,0.024,,0.002,0.003,0.003
65,1.42,40310,rccd040310.0044_gregist,2453075.59156,21.839,18.688,,19.443,19.745,21.584,17.831,18.662,19.142,19.206,0.028,0.001,,0.003,0.004,0.018,0.001,0.002,0.002,0.003
66,1.38,40313,rccd040313.0042_gregist,2453078.60146,21.742,18.615,,19.374,19.84,21.511,,18.567,19.09,19.146,0.012,0.001,,0.002,0.002,0.009,,0.001,0.001,0.001
67,1.29,40315,rccd040315.0063_gregist,2453080.66232,21.748,18.607,,19.378,19.828,21.522,,18.595,19.078,19.139,0.014,0.001,,0.002,0.002,0.009,,0.001,0.001,0.002
68,1.28,40322,rccd040322.0068_gregist,2453087.65627,21.77,18.591,,19.359,19.778,21.515,,18.565,19.061,19.116,0.014,0.001,,0.002,0.002,0.01,,0.001,0.001,0.001
69,1.28,40325,rccd040325.0063_gregist,2453090.65212,21.788,18.627,,19.385,19.838,21.549,,18.564,19.098,19.148,0.015,0.001,,0.002,0.002,0.009,,0.001,0.001,0.002
70,1.33,40407,rccd040407.0072_gregist,2453103.69405,21.933,18.617,,19.377,19.825,21.501,,18.592,19.084,19.147,0.042,0.002,,0.003,0.005,0.024,,0.002,0.003,0.003
71,1.29,40411,rccd040411.0058_gregist,2453107.59092,21.787,18.627,,19.393,19.845,21.556,,18.571,19.101,19.149,0.018,0.001,,0.002,0.002,0.01,,0.001,0.001,0.002
72,1.33,40415,rccd040415.0024_gregist,2453111.53642,21.948,18.687,,19.461,19.892,21.581,,18.668,19.169,19.214,0.021,0.001,,0.002,0.003,0.012,,0.001,0.002,0.002
73,1.28,40417,rccd040417.0050_gregist,2453113.61102,21.902,18.641,,19.407,19.865,21.511,,18.611,19.116,19.166,0.018,0.001,,0.002,0.002,0.01,,0.001,0.002,0.002
74,1.28,40420,rccd040420.0080_gregist,2453116.59923,21.895,18.652,,19.426,19.874,21.563,,18.63,19.124,19.171,0.019,0.001,,0.002,0.003,0.011,,0.001,0.001,0.002
75,1.36,40430,rccd040430.0005_gregist,2453126.47776,21.789,18.644,,19.421,19.856,21.579,,18.634,19.122,19.176,0.026,0.002,,0.003,0.004,0.017,,0.001,0.002,0.003
76,1.31,40501,rccd040501.0005_gregist,2453127.50998,21.769,18.638,,19.428,19.875,21.546,,18.627,19.123,19.165,0.033,0.002,,0.004,0.005,0.024,,0.002,0.003,0.003
77,1.28,40504,rccd040504.0038_gregist,2453130.57042,22.041,18.65,,19.407,19.842,21.392,,18.624,19.098,19.16,0.062,0.003,,0.005,0.008,0.029,,0.003,0.005,0.005
78,1.35,40510,rccd040510.0003_gregist,2453136.45365,22.268,18.968,,19.719,20.177,21.879,18.105,18.912,19.406,19.483,0.04,0.002,,0.003,0.005,0.021,0.001,0.002,0.003,0.003
79,1.29,40514,rccd040514.0012_gregist,2453140.54595,21.846,18.649,,19.42,19.871,21.207,,18.628,19.112,19.171,0.016,0.001,,0.002,0.002,0.007,,0.001,0.001,0.002
81,1.28,40520,rccd040520.0014_gregist,2453146.51237,21.853,18.651,,19.417,19.872,21.57,,18.594,19.123,19.175,0.018,0.001,,0.002,0.002,0.009,,0.001,0.002,0.002
82,1.28,40526,rccd040526.0027_gregist,2453152.50917,22.383,19.269,,20.04,20.492,22.112,18.416,19.212,19.742,19.783,0.045,0.003,,0.004,0.006,0.028,0.001,0.003,0.004,0.004
83,1.28,40601,rccd040601.0004_gregist,2453158.46083,21.933,18.687,,19.461,19.887,21.614,17.817,18.657,19.152,19.206,0.051,0.002,,0.005,0.006,0.029,0.001,0.002,0.003,0.004
84,1.31,40602,rccd040602.0034_gregist,2453159.52662,21.852,18.644,,19.421,19.849,21.519,,18.632,19.112,19.17,0.055,0.002,,0.005,0.007,0.038,,0.003,0.004,0.004
85,1.28,40603,rccd040603.0006_gregist,2453160.46045,21.983,18.692,,19.463,19.916,21.635,,18.638,19.153,19.221,0.048,0.002,,0.004,0.006,0.028,,0.002,0.004,0.003
86,1.29,40605,rccd040605.0011_gregist,2453162.48742,21.855,18.669,,19.443,19.894,21.576,17.818,18.617,19.144,19.189,0.016,0.001,,0.002,0.002,0.009,0.001,0.001,0.001,0.001
87,1.29,40608,rccd040608.0008_gregist,2453165.48359,21.801,18.611,,19.388,19.841,21.522,,18.556,19.089,19.136,0.015,0.001,,0.002,0.002,0.01,,0.001,0.002,0.002
88,1.36,40612,rccd040612.0025_gregist,2453169.53201,21.809,18.641,,19.413,19.855,21.524,,18.584,19.109,19.167,0.016,0.001,,0.002,0.002,0.01,,0.001,0.001,0.002
89,1.32,40618,rccd040618.0019_gregist,2453175.48799,21.785,18.604,,19.376,19.826,21.493,,18.545,19.072,19.126,0.014,0.001,,0.002,0.002,0.009,,0.001,0.001,0.002
90,1.3,40621,rccd040621.0013_gregist,2453178.46873,22.055,18.921,17.591,19.687,20.14,21.85,18.065,18.866,19.395,19.44,0.021,0.001,0.001,0.002,0.003,0.014,0.001,0.001,0.002,0.002
91,1.32,40623,rccd040623.0017_gregist,2453180.47895,21.777,18.625,,19.39,19.837,21.517,,18.563,19.094,19.146,0.02,0.001,,0.002,0.003,0.011,,0.001,0.002,0.002
92,1.32,40627,rccd040627.0003_gregist,2453184.46628,21.906,18.631,,19.409,19.843,21.534,,18.607,19.105,19.158,0.032,0.002,,0.003,0.004,0.017,,0.001,0.002,0.003
93,1.34,40630,rccd040630.0005_gregist,2453187.46958,21.983,18.645,,19.425,19.879,21.64,17.785,18.628,19.109,19.151,0.056,0.002,,0.005,0.006,0.031,0.001,0.002,0.003,0.003
94,1.34,40703,rccd040703.0005_gregist,2453190.46484,21.797,18.641,,19.408,19.864,21.536,,18.584,19.1,19.162,0.018,0.001,,0.002,0.003,0.01,,0.001,0.002,0.002
95,1.4,40706,rccd040706.0029_gregist,2453193.48774,22.378,19.313,17.973,20.084,20.526,22.163,18.455,19.257,19.781,19.831,0.032,0.002,0.001,0.003,0.005,0.018,0.001,0.002,0.002,0.002
96,1.37,40707,rccd040707.0010_gregist,2453194.46854,21.812,18.686,17.341,19.447,19.901,21.595,17.827,18.636,19.147,19.204,0.015,0.001,0.001,0.002,0.003,0.011,0.001,0.001,0.002,0.002
97,1.51,40709,rccd040709.0016_gregist,2453196.51478,21.907,18.681,,19.451,19.894,21.583,17.825,18.66,19.144,19.197,0.016,0.001,,0.002,0.003,0.01,0.001,0.001,0.002,0.002
98,1.61,40714,rccd040714.0017_gregist,2453201.52661,22.556,19.369,18.035,20.126,20.594,22.279,18.516,19.348,19.833,19.884,0.032,0.002,0.001,0.004,0.005,0.021,0.001,0.002,0.003,0.003
99,1.44,40718,rccd040718.0006_gregist,2453205.46931,22.012,18.844,17.507,19.611,20.044,21.769,17.992,18.819,19.303,19.367,0.015,0.001,0.001,0.002,0.003,0.01,0.001,0.001,0.002,0.002
100,1.71,41122,rccd041122.0105_gregist,2453332.81170,22.266,,,19.83,20.292,21.927,,,19.571,19.603,0.027,,,0.003,0.004,0.017,,,0.002,0.003
101,1.67,41205,rccd041205.0109_gregist,2453345.78258,22.08,,,19.637,20.123,21.827,18.043,,19.402,19.42,0.02,,,0.002,0.003,0.013,0.001,,0.002,0.002
102,1.66,41207,rccd041207.0074_gregist,2453347.78026,22.053,,,19.658,20.108,21.771,,,19.402,19.411,0.014,,,0.002,0.003,0.011,,,0.002,0.002
104,1.47,41211,rccd041211.0093_gregist,2453351.81593,22.379,19.17,,19.93,20.381,22.079,18.306,19.104,19.656,19.695,0.022,0.001,,0.002,0.003,0.015,0.001,0.001,0.002,0.002
105,1.48,41213,rccd041213.0098_gregist,2453353.80890,22.024,18.859,17.519,19.63,20.064,21.769,17.999,18.796,19.342,19.377,0.016,0.001,0.001,0.002,0.003,0.01,0.001,0.001,0.002,0.002
106,1.56,41215,rccd041215.0075_gregist,2453355.78121,21.987,18.804,,19.577,20.017,21.725,,18.746,19.299,19.329,0.018,0.001,,0.002,0.003,0.01,,0.001,0.002,0.002
107,1.62,41217,rccd041217.0097_gregist,2453357.76148,21.977,18.824,,19.575,20.03,21.745,,,19.251,19.337,0.015,0.001,,0.002,0.003,0.01,,,0.001,0.002
108,1.61,41219,rccd041219.0082_gregist,2453359.75825,21.969,18.814,,19.568,20.018,21.7,,,19.264,19.33,0.016,0.001,,0.002,0.003,0.01,,,0.002,0.002
109,1.41,50101,rccd050101.0115_gregist,2453372.77892,21.992,18.807,,19.569,20.013,21.697,,18.751,19.245,19.319,0.025,0.001,,0.003,0.004,0.018,,0.002,0.002,0.002
110,1.69,50103,rccd050103.0066_gregist,2453374.69964,22.183,,17.634,19.754,20.196,21.888,18.142,,19.44,19.513,0.025,,0.001,0.002,0.003,0.014,0.001,,0.002,0.002
111,1.42,50106,rccd050106.0071_gregist,2453377.76389,22.048,18.833,,19.597,20.025,21.747,,18.771,19.328,19.354,0.016,0.001,,0.002,0.003,0.011,,0.001,0.002,0.002
112,1.37,50108,rccd050108.0105_gregist,2453379.78087,21.98,18.791,,19.563,20.003,21.679,,18.727,19.286,19.313,0.013,0.001,,0.002,0.002,0.011,,0.001,0.001,0.002
113,1.46,50110,rccd050110.0108_gregist,2453381.73796,22.075,18.896,,19.661,20.112,21.775,,18.839,19.359,19.414,0.016,0.001,,0.002,0.003,0.011,,0.001,0.002,0.002
114,1.56,50112,rccd050112.0061_gregist,2453383.70399,22.165,18.985,,19.752,20.205,21.755,,18.901,19.479,19.505,0.02,0.001,,0.002,0.003,0.01,,0.001,0.002,0.002
115,1.55,50114,rccd050114.0060_gregist,2453385.70178,22.022,18.843,,19.607,20.052,21.756,17.988,18.794,19.318,19.367,0.016,0.001,,0.002,0.002,0.01,0.001,0.001,0.002,0.002
116,1.3,50122,rccd050122.0098_gregist,2453393.79502,22.276,18.969,,19.76,20.196,21.856,,18.945,19.449,19.504,0.043,0.002,,0.004,0.006,0.025,,0.002,0.003,0.004
117,1.49,50125,rccd050125.0079_gregist,2453396.68783,22.183,18.897,,19.668,20.115,21.781,,18.848,19.388,19.438,0.051,0.002,,0.005,0.006,0.031,,0.003,0.004,0.004
118,1.49,50126,rccd050126.0074_gregist,2453397.68466,22.237,18.871,,19.638,20.084,21.788,,18.82,19.375,19.404,0.047,0.002,,0.004,0.006,0.028,,0.002,0.003,0.004
119,1.5,50127,rccd050127.0090_gregist,2453398.68067,22.128,18.88,,19.634,20.098,21.79,,18.82,19.341,19.4,0.04,0.002,,0.003,0.005,0.025,,0.002,0.003,0.003
120,1.28,50202,rccd050202.0077_gregist,2453404.79503,22.309,19.142,,19.881,20.35,22.021,18.275,19.087,19.594,19.659,0.028,0.002,,0.003,0.004,0.016,0.001,0.002,0.002,0.002
121,1.32,50203,rccd050203.0067_gregist,2453405.73491,22.066,18.847,,19.612,20.06,21.74,,18.783,19.351,19.377,0.018,0.001,,0.002,0.003,0.01,,0.001,0.002,0.002
122,1.3,50205,rccd050205.0053_gregist,2453407.75194,22.149,18.956,,19.723,20.172,21.832,18.098,18.89,19.457,19.483,0.019,0.001,,0.002,0.003,0.013,0.001,0.001,0.002,0.002
123,1.28,50207,rccd050207.0090_gregist,2453409.76966,22.051,18.865,,19.631,20.083,21.768,,18.795,19.356,19.391,0.014,0.001,,0.002,0.002,0.009,,0.001,0.002,0.002
124,1.29,50209,rccd050209.0086_gregist,2453411.80587,21.995,18.861,,19.622,20.084,21.714,17.998,18.795,19.363,19.391,0.013,0.001,,0.002,0.002,0.009,0.001,0.001,0.001,0.002
125,1.3,50210,rccd050210.0034_gregist,2453412.74162,22.027,18.883,,19.645,20.094,21.69,,18.818,19.327,19.402,0.016,0.001,,0.002,0.003,0.01,,0.001,0.002,0.002
126,1.28,50212,rccd050212.0068_gregist,2453414.78824,22.01,18.905,,19.656,20.101,21.751,,18.837,19.343,19.428,0.017,0.001,,0.002,0.003,0.01,,0.001,0.002,0.002
127,1.32,50213,rccd050213.0460_gregist,2453415.83010,22.035,18.91,,19.671,20.113,21.784,,18.847,19.352,19.431,0.016,0.001,,0.002,0.003,0.009,,0.001,0.001,0.002
128,1.29,50218,rccd050218.0098_gregist,2453420.78644,22.114,18.949,17.617,19.727,20.169,21.808,18.092,18.882,19.447,19.465,0.016,0.001,0.001,0.002,0.003,0.01,0.001,0.001,0.002,0.002
129,1.35,50219,rccd050219.0079_gregist,2453421.83676,22.072,18.976,,19.744,20.196,21.828,18.115,18.908,19.473,19.509,0.016,0.001,,0.002,0.003,0.01,0.001,0.001,0.002,0.002
130,1.28,50224,rccd050224.0060_gregist,2453426.73941,22.031,18.87,,19.646,20.091,21.808,,18.811,19.367,19.391,0.048,0.002,,0.004,0.007,0.028,,0.002,0.004,0.004
131,1.29,50225,rccd050225.0086_gregist,2453427.76561,22.12,18.91,,19.671,20.12,21.78,,18.859,19.37,19.433,0.047,0.002,,0.005,0.006,0.033,,0.003,0.004,0.004
132,1.28,50228,rccd050228.0058_gregist,2453430.72919,22.096,18.906,,19.683,20.096,21.858,18.041,18.848,19.368,19.426,0.036,0.002,,0.003,0.004,0.021,0.001,0.002,0.003,0.003
133,1.29,50303,rccd050303.0065_gregist,2453433.75182,22.132,18.897,,19.672,20.082,21.788,,18.83,19.348,19.419,0.023,0.001,,0.002,0.003,0.014,,0.001,0.002,0.002
134,1.31,50305,rccd050305.0079_gregist,2453435.76881,22.041,18.912,,19.681,20.125,21.787,,18.85,19.366,19.427,0.014,0.001,,0.002,0.002,0.011,,0.001,0.001,0.002
135,1.29,50308,rccd050308.0053_gregist,2453438.72974,22.44,19.245,17.902,20.017,20.464,22.118,18.387,19.183,19.699,19.756,0.022,0.001,0.001,0.003,0.004,0.018,0.001,0.002,0.002,0.002
136,1.29,50312,rccd050312.0078_gregist,2453442.72665,22.068,18.918,,19.687,20.13,21.798,,18.843,19.382,19.437,0.017,0.001,,0.002,0.003,0.011,,0.001,0.002,0.002
137,1.33,50315,rccd050315.0055_gregist,2453445.76191,22.076,18.941,,19.704,20.142,21.868,,18.873,19.39,19.461,0.015,0.001,,0.002,0.003,0.012,,0.001,0.002,0.002
139,1.28,50323,rccd050323.0078_gregist,2453453.67970,22.3,18.928,,19.687,20.13,21.767,,18.859,19.388,19.441,0.059,0.002,,0.004,0.007,0.026,,0.002,0.003,0.004
140,1.29,50329,rccd050329.0083_gregist,2453459.67646,22.046,18.961,,19.718,20.171,21.865,18.094,18.897,19.4,19.484,0.03,0.002,,0.004,0.005,0.027,0.001,0.002,0.003,0.003
141,1.29,50330,rccd050330.0063_gregist,2453460.62144,22.162,18.972,,19.735,20.176,21.905,18.107,18.906,19.424,19.487,0.029,0.002,,0.003,0.004,0.018,0.001,0.002,0.002,0.003
142,1.3,50331,rccd050331.0063_gregist,2453461.69278,22.148,18.963,,19.726,20.185,21.835,18.105,18.898,19.467,19.487,0.027,0.001,,0.003,0.004,0.019,0.001,0.002,0.002,0.002
143,1.31,50403,rccd050403.0039_gregist,2453464.58208,22.146,18.95,,19.71,20.159,21.862,18.089,18.883,19.433,19.477,0.019,0.001,,0.002,0.003,0.013,0.001,0.001,0.002,0.002
144,1.29,50406,rccd050406.0057_gregist,2453467.60788,22.152,18.96,17.616,19.721,20.169,21.861,18.099,18.894,19.421,19.48,0.017,0.001,0.001,0.002,0.003,0.011,0.001,0.001,0.002,0.002
145,1.33,50409,rccd050409.0077_gregist,2453470.69251,22.093,18.945,,19.71,20.166,21.831,18.079,18.874,19.391,19.465,0.016,0.001,,0.002,0.003,0.01,0.001,0.001,0.002,0.002
146,1.29,50412,rccd050412.0061_gregist,2453473.64030,22.1,18.982,17.613,19.738,20.162,21.881,18.106,18.909,19.414,19.486,0.016,0.001,0.001,0.002,0.003,0.012,0.001,0.001,0.002,0.002
147,1.31,50415,rccd050415.0064_gregist,2453476.66241,22.08,18.923,,19.685,20.141,21.778,18.054,18.85,19.415,19.443,0.017,0.001,,0.002,0.003,0.011,0.001,0.001,0.002,0.002
148,1.29,50417,rccd050417.0054_gregist,2453478.58006,22.124,18.914,,19.68,20.127,21.81,18.053,18.846,19.417,19.444,0.027,0.002,,0.003,0.004,0.015,0.001,0.001,0.002,0.002
149,1.28,50430,rccd050430.0021_gregist,2453491.57397,22.124,18.933,,19.623,20.142,21.789,,18.858,19.419,19.451,0.017,0.001,,0.002,0.003,0.011,,0.001,0.002,0.002
150,1.3,50508,rccd050508.0072_gregist,2453499.58958,22.362,19.408,18.063,20.177,20.637,22.301,18.563,19.364,19.876,19.927,0.024,0.002,0.001,0.003,0.005,0.02,0.001,0.002,0.003,0.002
152,1.33,50513,rccd050513.0037_gregist,2453504.59633,22.244,19.083,17.735,19.846,20.28,21.944,18.213,19.002,19.569,19.594,0.016,0.001,0.001,0.002,0.003,0.013,0.001,0.001,0.002,0.002
153,1.38,50529,rccd050529.0029_gregist,2453520.58291,22.156,18.979,,19.755,20.199,21.888,18.121,18.916,19.473,19.501,0.016,0.001,,0.002,0.003,0.013,0.001,0.001,0.002,0.002
154,1.31,50601,rccd050601.0031_gregist,2453523.52753,22.142,18.952,,19.725,20.158,21.827,18.092,18.886,19.446,19.474,0.018,0.001,,0.002,0.003,0.012,0.001,0.001,0.002,0.002
155,1.29,50607,rccd050607.0014_gregist,2453529.48345,22.548,19.403,18.027,20.148,20.593,22.276,18.534,19.338,19.837,19.909,0.025,0.002,0.001,0.003,0.004,0.017,0.001,0.002,0.002,0.003
156,1.49,50710,rccd050710.0019_gregist,2453562.50748,22.18,19.009,,19.78,20.225,21.858,18.137,18.961,19.456,19.525,0.021,0.001,,0.002,0.003,0.01,0.001,0.001,0.002,0.002
157,1.76,50724,rccd050724.0016_gregist,2453576.53035,22.216,19.043,,19.82,20.259,21.919,18.176,18.972,19.532,19.564,0.017,0.001,,0.002,0.003,0.011,0.001,0.001,0.002,0.002
158,1.32,60109,rccd060109.0081_gregist,2453745.81161,22.349,19.183,,19.952,20.399,22.073,18.326,19.113,19.651,19.698,0.017,0.001,,0.002,0.003,0.012,0.001,0.001,0.002,0.002
159,1.31,60110,rccd060110.0083_gregist,2453746.81446,22.398,19.189,,19.965,20.408,22.065,18.33,19.122,19.676,19.706,0.02,0.001,,0.002,0.003,0.011,0.001,0.001,0.002,0.002
160,1.31,60111,rccd060111.0088_gregist,2453747.81217,22.135,18.987,,19.757,20.197,21.855,,18.916,19.506,19.499,0.027,0.001,,0.003,0.005,0.018,,0.002,0.003,0.002
161,1.38,60112,rccd060112.0096_gregist,2453748.76314,22.122,19.044,,19.8,20.232,21.891,18.183,18.989,19.491,19.557,0.041,0.002,,0.004,0.006,0.026,0.001,0.003,0.003,0.004
162,1.3,60114,rccd060114.0109_gregist,2453750.80725,22.317,19.068,,19.83,20.286,21.925,18.209,19.022,19.512,19.585,0.058,0.002,,0.005,0.007,0.03,0.001,0.002,0.004,0.004
163,1.28,60116,rccd060116.0081_gregist,2453752.84580,22.227,19.051,,19.817,20.265,21.947,,18.993,19.498,19.566,0.038,0.002,,0.004,0.006,0.028,,0.002,0.003,0.003
164,1.44,60117,rccd060117.0079_gregist,2453753.72606,22.178,19.11,17.735,19.854,20.31,22.0,18.243,19.048,19.545,19.625,0.037,0.002,0.001,0.004,0.006,0.024,0.001,0.003,0.003,0.003
165,1.3,60118,rccd060118.0103_gregist,2453754.80033,22.348,19.109,,19.855,20.305,21.97,18.238,19.051,19.541,19.625,0.036,0.002,,0.004,0.006,0.024,0.001,0.002,0.003,0.003
166,1.34,60119,rccd060119.0092_gregist,2453755.76528,22.291,19.094,,19.863,20.317,21.929,18.235,19.024,19.598,19.615,0.036,0.002,,0.003,0.005,0.02,0.001,0.002,0.003,0.003
167,1.33,60120,rccd060120.0098_gregist,2453756.77379,22.244,19.103,,19.872,20.322,21.967,18.248,18.995,19.621,19.62,0.035,0.002,,0.003,0.005,0.02,0.001,0.002,0.003,0.003
168,1.29,60121,rccd060121.0104_gregist,2453757.81530,22.335,19.175,,19.955,20.394,22.027,18.307,19.113,19.683,19.689,0.029,0.002,,0.003,0.005,0.021,0.001,0.002,0.003,0.003
169,1.41,60122,rccd060122.0072_gregist,2453758.72606,22.329,19.136,17.788,19.896,20.301,22.022,18.277,19.07,19.638,19.654,0.026,0.002,0.001,0.003,0.003,0.017,0.001,0.002,0.002,0.003
170,1.41,60123,rccd060123.0082_gregist,2453759.72091,22.181,19.034,,19.79,20.241,21.893,18.177,18.971,19.537,19.553,0.019,0.001,,0.002,0.003,0.012,0.001,0.001,0.002,0.002
171,1.3,60124,rccd060124.0089_gregist,2453760.78197,22.161,19.017,,19.786,20.231,21.894,18.157,18.95,19.509,19.537,0.019,0.001,,0.002,0.003,0.012,0.001,0.001,0.002,0.002
172,1.29,60125,rccd060125.0105_gregist,2453761.79598,22.234,19.049,,19.819,20.273,21.913,18.192,18.975,19.552,19.566,0.017,0.001,,0.002,0.003,0.01,0.001,0.001,0.002,0.002
173,1.29,60126,rccd060126.0089_gregist,2453762.80028,22.241,19.049,,19.82,20.24,21.948,,18.998,19.504,19.581,0.016,0.001,,0.002,0.003,0.011,,0.001,0.002,0.002
174,1.48,60127,rccd060127.0059_gregist,2453763.68563,22.265,19.093,,19.842,20.289,21.972,18.228,19.034,19.506,19.599,0.015,0.001,,0.002,0.003,0.011,0.001,0.001,0.002,0.002
175,1.29,60128,rccd060128.0086_gregist,2453764.79478,22.232,19.07,,19.83,20.251,21.948,,19.002,19.46,19.586,0.015,0.001,,0.002,0.003,0.012,,0.001,0.002,0.002
176,1.29,60129,rccd060129.0101_gregist,2453765.78690,22.27,19.11,,19.862,20.31,22.015,18.241,19.046,19.545,19.624,0.018,0.001,,0.002,0.003,0.01,0.001,0.001,0.002,0.002
177,1.58,60130,rccd060130.0048_gregist,2453766.65058,22.29,19.128,17.761,19.887,20.331,22.009,18.272,,19.559,19.649,0.017,0.001,0.001,0.002,0.003,0.011,0.001,,0.002,0.002
178,1.35,60131,rccd060131.0022_gregist,2453767.72967,22.268,19.062,17.683,19.819,20.264,21.958,18.202,19.002,19.505,19.568,0.015,0.001,0.001,0.002,0.002,0.011,0.001,0.001,0.002,0.002
180,1.39,60204,rccd060204.0076_gregist,2453771.69613,22.195,19.043,17.688,19.809,20.251,21.905,18.183,18.977,19.526,19.55,0.016,0.001,0.001,0.002,0.003,0.012,0.001,0.001,0.002,0.002
181,1.28,60205,rccd060205.0113_gregist,2453772.79105,22.238,19.042,,19.819,20.264,21.926,,18.98,19.543,19.552,0.019,0.001,,0.002,0.003,0.011,,0.001,0.002,0.002
182,1.32,60206,rccd060206.0070_gregist,2453773.72946,22.254,19.055,,19.819,20.268,21.93,18.197,18.989,19.549,19.563,0.013,0.001,,0.002,0.003,0.01,0.001,0.001,0.002,0.002
183,1.28,60207,rccd060207.0089_gregist,2453774.77784,22.191,19.034,,19.804,20.25,21.934,18.177,18.969,19.524,19.548,0.016,0.001,,0.002,0.003,0.011,0.001,0.001,0.002,0.002
184,1.41,60208,rccd060208.0053_gregist,2453775.67874,22.21,19.031,17.689,19.802,20.251,21.951,18.177,18.973,19.54,19.553,0.034,0.002,0.001,0.003,0.005,0.023,0.001,0.002,0.003,0.003
185,1.44,60209,rccd060209.0056_gregist,2453776.66559,22.327,19.102,,19.849,20.294,21.985,18.235,,19.542,19.616,0.041,0.002,,0.004,0.006,0.031,0.001,,0.003,0.004
186,1.35,60210,rccd060210.0062_gregist,2453777.70041,22.44,19.082,,19.84,20.253,21.964,18.215,19.022,19.513,19.599,0.06,0.002,,0.005,0.006,0.027,0.001,0.002,0.004,0.004
187,1.35,60211,rccd060211.0077_gregist,2453778.69813,22.351,19.08,,19.828,20.289,21.979,18.216,,19.528,19.604,0.053,0.002,,0.005,0.007,0.035,0.001,,0.004,0.004
188,1.29,60212,rccd060212.0079_gregist,2453779.75572,22.386,19.065,17.727,19.841,20.259,22.052,18.206,19.027,19.539,19.59,0.069,0.003,0.001,0.005,0.007,0.038,0.001,0.003,0.005,0.005
189,1.31,60216,rccd060216.0061_gregist,2453783.71485,22.247,19.071,,19.869,20.309,21.99,18.22,19.017,19.586,19.605,0.034,0.002,,0.004,0.006,0.031,0.001,0.002,0.003,0.003
190,1.29,60217,rccd060217.0063_gregist,2453784.73548,22.323,19.06,,19.835,20.283,21.978,18.203,18.997,19.557,19.579,0.037,0.002,,0.004,0.005,0.026,0.001,0.002,0.003,0.003
191,1.28,60218,rccd060218.0091_gregist,2453785.76886,22.297,19.074,,19.847,20.29,21.938,18.214,19.005,19.566,19.584,0.03,0.002,,0.003,0.005,0.023,0.001,0.002,0.003,0.003
192,1.3,60219,rccd060219.0077_gregist,2453786.71907,22.195,19.041,17.69,19.814,20.256,21.919,18.186,18.975,19.538,19.561,0.026,0.001,0.001,0.003,0.004,0.019,0.001,0.002,0.002,0.002
193,1.29,60220,rccd060220.0084_gregist,2453787.72581,22.143,19.013,,19.787,20.231,21.825,,18.951,19.515,19.53,0.022,0.001,,0.003,0.004,0.014,,0.001,0.002,0.002
194,1.29,60221,rccd060221.0085_gregist,2453788.73231,22.251,19.038,,19.81,20.253,21.922,18.181,18.972,19.529,19.549,0.023,0.001,,0.002,0.003,0.013,0.001,0.001,0.002,0.002
195,1.29,60222,rccd060222.0089_gregist,2453789.72429,22.166,19.009,,19.775,20.227,21.888,18.147,18.939,19.494,19.527,0.018,0.001,,0.002,0.003,0.011,0.001,0.001,0.002,0.002
196,1.28,60223,rccd060223.0105_gregist,2453790.73751,22.091,19.027,,19.8,20.247,21.929,,18.974,19.514,19.545,0.015,0.001,,0.002,0.003,0.011,,0.001,0.002,0.002
197,1.32,60224,rccd060224.0078_gregist,2453791.67928,22.227,19.068,17.703,19.811,20.274,21.987,18.204,19.007,19.539,19.582,0.017,0.001,0.001,0.002,0.003,0.011,0.001,0.001,0.002,0.002
198,1.31,60225,rccd060225.0114_gregist,2453792.79297,22.25,19.09,17.738,19.864,20.294,22.016,18.23,19.028,19.571,19.61,0.017,0.001,0.001,0.002,0.003,0.011,0.001,0.001,0.002,0.002
199,1.3,60226,rccd060226.0079_gregist,2453793.69152,22.277,19.092,,19.866,20.314,21.982,18.235,19.035,19.588,19.611,0.019,0.001,,0.002,0.003,0.011,0.001,0.001,0.002,0.002
200,1.31,60302,rccd060302.0085_gregist,2453797.77703,22.197,19.032,,19.814,20.254,21.903,18.184,18.973,19.54,19.561,0.017,0.001,,0.002,0.003,0.012,0.001,0.001,0.002,0.002
201,1.32,60303,rccd060303.0116_gregist,2453798.78437,22.218,19.058,17.704,19.831,20.271,21.966,18.202,18.99,19.547,19.573,0.015,0.001,0.001,0.002,0.003,0.012,0.001,0.001,0.002,0.002
202,1.28,60304,rccd060304.0067_gregist,2453799.71211,22.273,19.08,17.733,19.844,20.274,21.972,18.226,19.014,19.574,19.59,0.017,0.001,0.001,0.002,0.003,0.012,0.001,0.001,0.002,0.002
203,1.29,60305,rccd060305.0068_gregist,2453800.69919,22.141,19.012,,19.787,20.231,21.913,,18.94,19.506,19.53,0.016,0.001,,0.002,0.003,0.01,,0.001,0.002,0.002
204,1.28,60306,rccd060306.0066_gregist,2453801.71375,22.216,19.044,,19.819,20.256,21.918,18.188,18.982,19.536,19.563,0.017,0.001,,0.002,0.003,0.01,0.001,0.001,0.002,0.002
205,1.3,60307,rccd060307.0075_gregist,2453802.67450,22.128,19.041,,19.815,20.257,21.921,18.182,18.973,19.539,19.555,0.021,0.001,,0.002,0.003,0.014,0.001,0.001,0.002,0.002
206,1.32,60308,rccd060308.0063_gregist,2453803.64991,22.217,19.058,,19.824,20.292,21.935,18.2,18.995,19.557,19.571,0.029,0.001,,0.003,0.004,0.021,0.001,0.002,0.003,0.003
207,1.28,60309,rccd060309.0080_gregist,2453804.69419,22.217,19.051,,19.826,20.266,21.914,,18.991,19.529,19.575,0.029,0.002,,0.003,0.004,0.017,,0.002,0.002,0.003
208,1.28,60310,rccd060310.0050_gregist,2453805.69338,22.141,19.069,,19.839,20.286,21.931,18.204,19.008,19.552,19.588,0.03,0.002,,0.003,0.005,0.021,0.001,0.002,0.003,0.003
209,1.28,60318,rccd060318.0057_gregist,2453813.68967,22.321,19.071,17.712,19.837,20.283,21.843,18.207,18.997,19.546,19.586,0.04,0.002,0.001,0.003,0.005,0.022,0.001,0.002,0.003,0.003
210,1.31,60320,rccd060320.0100_gregist,2453815.72662,22.194,19.071,,19.844,20.299,21.943,18.216,19.01,19.553,19.597,0.033,0.002,,0.003,0.004,0.016,0.001,0.002,0.002,0.003
211,1.28,60321,rccd060321.0051_gregist,2453816.66211,22.291,19.078,,19.842,20.29,21.949,18.22,19.01,19.564,19.596,0.021,0.002,,0.003,0.004,0.017,0.001,0.002,0.002,0.002
212,1.29,60322,rccd060322.0072_gregist,2453817.69901,22.258,19.096,17.749,19.877,20.288,21.97,18.246,19.033,19.593,19.614,0.022,0.001,0.001,0.003,0.004,0.014,0.001,0.001,0.002,0.002
213,1.31,60324,rccd060324.0041_gregist,2453819.61704,22.245,19.058,,19.832,20.276,21.946,,19.003,19.55,19.582,0.02,0.001,,0.002,0.003,0.011,,0.001,0.002,0.002
214,1.29,60326,rccd060326.0047_gregist,2453821.63583,22.253,19.076,,19.833,20.282,22.004,18.211,19.009,19.536,19.589,0.015,0.001,,0.002,0.003,0.011,0.001,0.001,0.002,0.002
215,1.28,60328,rccd060328.0056_gregist,2453823.67085,22.244,19.088,,19.851,20.294,21.999,18.226,,19.554,19.593,0.017,0.001,,0.002,0.003,0.012,0.001,,0.002,0.002
216,1.29,60403,rccd060403.0033_gregist,2453829.60788,22.257,19.092,,19.874,20.307,21.934,18.241,19.029,19.588,19.609,0.017,0.001,,0.002,0.003,0.012,0.001,0.001,0.002,0.002
217,1.29,60404,rccd060404.0049_gregist,2453830.60773,22.289,19.098,,19.869,20.309,21.966,18.237,19.028,19.581,19.608,0.022,0.001,,0.002,0.003,0.014,0.001,0.001,0.002,0.002
218,1.29,60406,rccd060406.0051_gregist,2453832.65306,22.338,19.115,,19.875,20.319,22.076,18.252,19.059,19.613,19.631,0.026,0.002,,0.003,0.004,0.022,0.001,0.002,0.002,0.002
219,1.29,60407,rccd060407.0062_gregist,2453833.64795,22.121,19.098,,19.857,20.301,21.934,18.23,19.04,19.576,19.596,0.027,0.002,,0.003,0.004,0.018,0.001,0.002,0.002,0.003
220,1.31,60417,rccd060417.0024_gregist,2453843.65595,22.257,19.111,17.76,19.878,20.321,22.038,18.254,19.044,19.604,19.624,0.036,0.002,0.001,0.003,0.005,0.027,0.001,0.002,0.003,0.003
221,1.29,60419,rccd060419.0033_gregist,2453845.61565,22.256,19.098,17.749,19.874,20.316,21.96,18.241,19.032,19.576,19.607,0.019,0.001,0.001,0.002,0.003,0.013,0.001,0.001,0.002,0.002
222,1.28,60420,rccd060420.0039_gregist,2453846.60368,22.279,19.109,17.743,19.873,20.322,21.979,18.244,19.049,19.568,19.616,0.017,0.001,0.001,0.002,0.003,0.014,0.001,0.001,0.002,0.002
223,1.28,60421,rccd060421.0039_gregist,2453847.58130,22.204,19.104,17.743,19.858,20.31,22.028,18.241,19.048,19.562,19.617,0.018,0.001,0.001,0.002,0.003,0.013,0.001,0.002,0.002,0.002
224,1.28,60422,rccd060422.0059_gregist,2453848.58683,22.263,19.113,,19.877,20.326,22.043,18.25,19.05,19.586,19.624,0.017,0.001,,0.002,0.003,0.013,0.001,0.001,0.002,0.002
225,1.29,60423,rccd060423.0038_gregist,2453849.55076,22.296,19.114,,19.882,20.295,22.026,18.255,19.056,19.583,19.629,0.017,0.001,,0.002,0.003,0.012,0.001,0.002,0.002,0.002
226,1.31,60424,rccd060424.0028_gregist,2453850.52536,22.301,19.151,,19.917,20.354,22.022,18.284,19.061,19.62,19.664,0.019,0.001,,0.002,0.003,0.012,0.001,0.001,0.002,0.002
227,1.28,60425,rccd060425.0045_gregist,2453851.56416,22.213,19.14,17.776,19.897,20.346,22.022,18.234,19.075,19.574,19.658,0.017,0.001,0.001,0.002,0.003,0.012,0.001,0.001,0.002,0.002
228,1.3,60426,rccd060426.0053_gregist,2453852.62176,22.343,19.148,17.792,19.913,20.355,22.061,18.29,19.095,19.611,19.657,0.019,0.001,0.001,0.002,0.003,0.013,0.001,0.002,0.002,0.002
229,1.34,60427,rccd060427.0061_gregist,2453853.64932,22.257,19.121,17.769,19.879,20.339,22.035,18.263,19.051,19.607,19.63,0.017,0.001,0.001,0.002,0.003,0.011,0.001,0.001,0.002,0.002
230,1.4,60430,rccd060430.0062_gregist,2453856.67141,22.287,19.14,,19.907,20.359,21.988,18.281,19.069,19.623,19.648,0.021,0.001,,0.002,0.004,0.014,0.001,0.001,0.002,0.002
231,1.3,60505,rccd060505.0055_gregist,2453861.59535,22.573,19.392,18.025,20.161,20.592,22.309,18.528,19.354,19.846,19.898,0.032,0.002,0.001,0.003,0.004,0.021,0.001,0.002,0.003,0.003
232,1.3,60506,rccd060506.0055_gregist,2453862.59006,22.297,19.13,17.771,19.899,20.343,22.028,18.269,19.07,19.61,19.647,0.029,0.002,0.001,0.003,0.004,0.019,0.001,0.002,0.003,0.003
233,1.31,60507,rccd060507.0016_gregist,2453863.49598,22.455,19.165,17.811,19.945,20.378,21.985,18.313,19.109,19.64,19.683,0.041,0.002,0.001,0.004,0.005,0.022,0.001,0.002,0.003,0.003
234,1.29,60507,rccd060507.0022_gregist,2453863.52555,22.16,19.226,,19.988,20.455,22.148,18.364,19.172,19.709,19.748,0.038,0.002,,0.004,0.005,0.028,0.001,0.002,0.004,0.004
235,1.28,60507,rccd060507.0024_gregist,2453863.54841,22.586,19.415,18.057,20.179,20.631,22.246,18.552,19.363,19.896,19.929,0.057,0.003,0.001,0.006,0.008,0.031,0.001,0.003,0.004,0.004
236,1.29,60507,rccd060507.0030_gregist,2453863.57842,22.2,19.178,,19.952,20.356,22.06,18.321,19.122,19.659,19.695,0.032,0.002,,0.004,0.005,0.025,0.001,0.002,0.003,0.003
237,1.32,60507,rccd060507.0035_gregist,2453863.60974,22.251,19.121,,19.879,20.334,21.914,,19.057,19.596,19.63,0.031,0.002,,0.003,0.005,0.02,,0.002,0.003,0.003
238,1.42,60507,rccd060507.0043_gregist,2453863.65995,22.3,19.141,,19.909,20.354,22.029,,19.084,19.615,19.673,0.028,0.002,,0.003,0.005,0.024,,0.002,0.003,0.003
239,1.55,60507,rccd060507.0048_gregist,2453863.69889,22.326,19.202,,19.974,20.406,22.111,18.342,,19.664,19.711,0.033,0.002,,0.004,0.006,0.024,0.001,,0.003,0.003
240,1.31,60508,rccd060508.0040_gregist,2453864.59547,22.17,19.109,,19.871,20.329,22.031,18.25,19.052,19.6,19.642,0.031,0.002,,0.003,0.005,0.026,0.001,0.002,0.003,0.003
241,1.28,60509,rccd060509.0036_gregist,2453865.53689,22.318,19.105,,19.858,20.323,22.065,,19.039,19.571,19.614,0.046,0.002,,0.004,0.005,0.031,,0.002,0.004,0.004
242,1.28,60510,rccd060510.0029_gregist,2453866.54498,22.281,19.1,,19.863,20.304,22.053,,19.038,19.579,19.621,0.054,0.002,,0.005,0.006,0.03,,0.002,0.004,0.004
243,1.33,70407,rccd070407.0044_gregist,2454198.69805,22.175,18.965,,19.712,20.177,21.795,,18.889,19.435,19.431,0.033,0.002,,0.003,0.004,0.018,,0.002,0.003,0.003
244,1.32,70408,rccd070408.0050_gregist,2454199.68882,22.7,19.594,18.243,20.365,20.789,22.573,18.736,19.585,20.085,20.126,0.037,0.002,0.001,0.004,0.007,0.035,0.001,0.003,0.004,0.004
245,1.29,70409,rccd070409.0039_gregist,2454200.65619,22.62,,18.086,20.184,20.635,22.2,18.584,,19.884,19.944,0.027,,0.001,0.003,0.004,0.016,0.001,,0.002,0.003
246,1.31,70411,rccd070411.0020_gregist,2454202.67001,22.619,19.438,18.073,20.203,20.645,22.353,18.573,19.412,19.924,19.954,0.022,0.001,0.001,0.003,0.004,0.015,0.001,0.002,0.002,0.002
247,1.28,70412,rccd070412.0040_gregist,2454203.62158,22.159,18.966,,19.738,20.179,21.884,,18.905,19.436,19.483,0.017,0.001,,0.002,0.003,0.011,,0.001,0.002,0.002
248,1.34,70414,rccd070414.0048_gregist,2454205.68758,22.158,19.019,17.648,19.768,20.201,21.87,18.14,18.944,19.449,19.512,0.015,0.001,0.001,0.002,0.003,0.01,0.001,0.001,0.002,0.002
249,1.38,70417,rccd070417.0058_gregist,2454208.69831,22.12,19.005,,19.755,20.203,21.887,,,19.43,19.507,0.015,0.001,,0.002,0.003,0.013,,,0.002,0.002
251,1.36,70419,rccd070419.0008_gregist,2454210.68472,22.308,19.131,,19.888,20.332,22.013,18.253,19.064,19.599,19.633,0.02,0.001,,0.002,0.003,0.011,0.001,0.001,0.002,0.002
252,1.45,70421,rccd070421.0002_gregist,2454212.71481,22.223,,17.756,19.851,20.311,21.979,18.254,,19.557,19.615,0.018,,0.001,0.002,0.003,0.011,0.001,,0.002,0.002
253,1.36,70424,rccd070424.0045_gregist,2454215.66675,22.197,19.06,17.683,19.795,20.229,21.913,18.176,18.99,19.496,19.541,0.024,0.001,0.001,0.003,0.003,0.016,0.001,0.002,0.002,0.002
254,1.28,70425,rccd070425.0022_gregist,2454216.56740,22.13,18.992,17.637,19.762,20.198,21.867,18.136,18.941,19.464,19.5,0.021,0.002,0.001,0.003,0.004,0.018,0.001,0.002,0.002,0.003
255,1.29,70426,rccd070426.0032_gregist,2454217.59950,22.249,18.955,,19.732,20.189,21.78,18.104,18.895,19.448,19.487,0.032,0.002,,0.003,0.004,0.017,0.001,0.002,0.003,0.003
256,1.28,70427,rccd070427.0026_gregist,2454218.57221,22.184,18.991,,19.762,20.216,21.815,18.125,18.926,19.483,19.518,0.037,0.002,,0.004,0.005,0.022,0.001,0.002,0.003,0.003
257,1.29,70428,rccd070428.0032_gregist,2454219.60245,22.354,19.005,17.661,19.78,20.235,21.879,18.149,18.936,19.488,19.526,0.046,0.002,0.001,0.004,0.005,0.025,0.001,0.002,0.003,0.004
258,1.31,70429,rccd070429.0042_gregist,2454220.62176,22.158,18.98,17.644,19.762,20.213,21.874,18.129,18.921,19.483,19.508,0.043,0.002,0.001,0.004,0.007,0.029,0.001,0.003,0.003,0.004
259,1.32,70509,rccd070509.0032_gregist,2454230.60071,22.139,19.005,,19.766,20.213,21.936,18.148,18.031,19.448,19.514,0.014,0.001,,0.002,0.003,0.012,0.001,0.005,0.002,0.002
260,1.34,70510,rccd070510.0109_gregist,2454231.61513,22.482,19.578,18.238,20.351,20.804,22.448,18.727,19.514,20.07,20.097,0.026,0.002,0.001,0.004,0.005,0.019,0.001,0.002,0.003,0.003
262,1.56,70514,rccd070514.0048_gregist,2454235.68317,22.243,19.022,,19.793,20.241,21.95,18.17,18.963,19.514,19.539,0.018,0.001,,0.002,0.003,0.011,0.001,0.001,0.002,0.002
263,1.31,70516,rccd070516.0030_gregist,2454237.57767,22.129,18.971,,19.747,20.198,21.856,18.115,18.906,19.466,19.494,0.019,0.001,,0.002,0.003,0.011,0.001,0.001,0.002,0.002
264,1.37,70517,rccd070517.0044_gregist,2454238.61171,22.213,,,19.813,20.258,21.986,18.183,,19.521,19.554,0.019,,,0.002,0.003,0.011,0.001,,0.002,0.002
265,1.34,70518,rccd070518.0040_gregist,2454239.59355,22.227,19.02,,19.795,20.235,21.93,18.164,,19.476,19.539,0.014,0.001,,0.002,0.003,0.012,0.001,,0.002,0.002
266,1.42,70519,rccd070519.0045_gregist,2454240.62736,22.226,,17.708,19.824,20.265,21.986,18.198,,19.53,19.563,0.017,,0.001,0.002,0.003,0.011,0.001,,0.002,0.002
267,1.28,70520,rccd070520.0024_gregist,2454241.52091,22.219,19.057,17.706,19.818,20.247,21.944,18.189,18.994,19.517,19.569,0.018,0.001,0.001,0.002,0.003,0.013,0.001,0.002,0.002,0.002
268,1.31,70521,rccd070521.0018_gregist,2454242.55738,22.221,19.048,,19.806,20.256,21.954,18.182,,19.538,19.555,0.02,0.001,,0.002,0.003,0.014,0.001,,0.002,0.002
269,1.39,70522,rccd070522.0029_gregist,2454243.60615,22.25,19.036,,19.784,20.226,21.935,18.165,18.906,19.473,19.541,0.027,0.001,,0.002,0.003,0.013,0.001,0.009,0.002,0.002
270,1.34,70523,rccd070523.0025_gregist,2454244.57514,22.174,19.01,,19.777,20.225,21.949,18.152,,19.483,19.528,0.022,0.002,,0.002,0.004,0.015,0.001,,0.002,0.002
271,1.3,70525,rccd070525.0020_gregist,2454246.53598,22.2,19.015,17.672,19.797,20.249,21.945,18.162,18.954,19.511,19.535,0.031,0.002,0.001,0.003,0.005,0.019,0.001,0.002,0.003,0.003
272,1.33,70526,rccd070526.0026_gregist,2454247.56316,22.269,19.038,17.702,19.82,20.243,21.872,18.187,18.978,19.537,19.557,0.035,0.002,0.001,0.004,0.005,0.022,0.001,0.002,0.003,0.003
273,1.45,70602,rccd070602.0047_gregist,2454254.59994,22.279,19.002,,19.775,20.225,21.874,18.148,18.963,19.474,19.522,0.046,0.002,,0.004,0.006,0.028,0.001,0.003,0.004,0.003
274,1.32,70603,rccd070603.0015_gregist,2454255.53771,22.192,19.046,17.695,19.806,20.257,21.897,18.195,21.382,19.487,19.578,0.031,0.002,0.001,0.003,0.005,0.023,0.001,0.045,0.003,0.003
275,1.3,70604,rccd070604.0021_gregist,2454256.51699,22.145,,,19.777,20.222,21.948,18.155,,19.469,19.507,0.016,,,0.002,0.003,0.012,0.001,,0.002,0.002
276,1.29,70605,rccd070605.0016_gregist,2454257.50215,22.185,19.011,17.675,19.783,20.226,21.94,18.156,,19.482,19.525,0.016,0.001,0.001,0.002,0.003,0.012,0.001,,0.002,0.002
277,1.33,70606,rccd070606.0015_gregist,2454258.53040,22.14,18.993,17.658,19.766,20.22,21.922,18.13,18.931,19.463,19.507,0.017,0.001,0.001,0.002,0.003,0.01,0.001,0.001,0.002,0.002
278,1.34,70609,rccd070609.0019_gregist,2454261.53278,22.213,19.049,17.708,19.825,20.271,21.94,18.197,18.991,19.541,19.559,0.019,0.001,0.001,0.002,0.004,0.014,0.001,0.001,0.002,0.002
281,1.33,70620,rccd070620.0002_gregist,2454272.49163,22.198,21.853,17.719,19.832,20.27,21.978,19.025,,19.507,19.596,0.02,0.2,0.001,0.002,0.003,0.014,0.017,,0.002,0.002
282,1.35,70622,rccd070622.0012_gregist,2454274.50249,22.285,19.036,,19.818,20.253,21.952,18.182,18.981,19.531,19.555,0.029,0.001,,0.003,0.004,0.016,0.001,0.002,0.002,0.002
283,1.31,70623,rccd070623.0006_gregist,2454275.47199,21.998,19.032,17.697,19.816,20.253,21.927,18.187,18.976,19.538,19.552,0.023,0.001,0.001,0.003,0.004,0.019,0.001,0.002,0.003,0.003
284,1.39,70625,rccd070625.0020_gregist,2454277.51175,22.784,19.077,17.724,19.869,20.275,22.284,18.223,19.007,19.56,19.599,0.088,0.003,0.001,0.005,0.007,0.047,0.001,0.003,0.005,0.004
285,1.47,70626,rccd070626.0018_gregist,2454278.54179,22.408,19.071,17.737,19.839,20.302,21.981,18.224,19.01,19.569,19.593,0.053,0.002,0.001,0.005,0.007,0.036,0.001,0.003,0.004,0.004
286,1.28,80202,rccd080202.0129_gregist,2454499.81704,21.929,18.764,17.418,19.527,19.97,21.682,17.899,18.678,19.232,19.279,0.012,0.001,0.0,0.002,0.003,0.009,0.001,0.001,0.001,0.002
287,1.29,80203,rccd080203.0052_gregist,2454500.77339,22.036,18.827,,19.583,20.034,21.71,17.958,18.737,19.32,19.346,0.014,0.001,,0.002,0.002,0.01,0.001,0.001,0.001,0.002
288,1.28,80205,rccd080205.0042_gregist,2454502.79461,21.928,18.736,,19.493,19.927,21.65,17.869,18.647,19.221,19.247,0.013,0.001,,0.002,0.002,0.008,0.001,0.001,0.001,0.002
289,1.28,80210,rccd080210.0132_gregist,2454507.78122,21.919,18.743,,19.506,19.947,21.59,,18.681,19.241,19.258,0.013,0.001,,0.002,0.002,0.007,,0.001,0.001,0.002
290,1.36,80212,rccd080212.0057_gregist,2454509.69353,21.931,18.788,,19.552,19.99,21.682,,18.728,19.286,19.308,0.012,0.001,,0.002,0.002,0.008,,0.001,0.001,0.002
291,1.31,80214,rccd080214.0052_gregist,2454511.71566,21.958,18.785,,19.545,19.989,21.664,,18.691,19.28,19.305,0.012,0.001,,0.002,0.002,0.008,,0.001,0.001,0.001
292,1.28,80216,rccd080216.0061_gregist,2454513.74810,22.175,19.016,,19.779,20.194,21.924,18.15,18.931,19.514,19.542,0.022,0.001,,0.003,0.004,0.017,0.001,0.002,0.002,0.002
293,1.31,80222,rccd080222.0058_gregist,2454519.80503,21.921,18.756,,19.521,19.951,21.659,17.885,18.688,19.24,19.276,0.039,0.002,,0.004,0.005,0.02,0.001,0.002,0.003,0.003
294,1.29,80224,rccd080224.0067_gregist,2454521.78050,21.886,18.76,,19.526,19.976,21.662,,18.686,19.238,19.277,0.026,0.002,,0.003,0.004,0.018,,0.002,0.003,0.003
295,1.29,80227,rccd080227.0033_gregist,2454524.75802,21.935,18.769,,19.521,19.975,21.642,,18.692,19.249,19.284,0.019,0.001,,0.002,0.003,0.014,,0.001,0.002,0.002
296,1.28,80301,rccd080301.0052_gregist,2454527.72206,21.93,18.792,,19.531,19.98,21.665,,18.718,19.193,19.305,0.013,0.001,,0.002,0.002,0.01,,0.001,0.001,0.002
297,1.28,80310,rccd080310.0056_gregist,2454536.70126,22.015,18.871,17.529,19.624,20.079,21.783,18.0,18.796,19.348,19.382,0.013,0.001,0.001,0.002,0.003,0.011,0.001,0.001,0.002,0.002
298,1.3,80316,rccd080316.0040_gregist,2454542.64443,22.019,18.789,,19.549,19.991,21.681,17.924,18.698,19.28,19.309,0.025,0.002,,0.002,0.004,0.018,0.001,0.001,0.002,0.002
299,1.35,80325,rccd080325.0057_gregist,2454551.74543,22.065,,,19.59,20.018,21.683,17.959,,19.281,19.342,0.039,,,0.003,0.004,0.02,0.001,,0.003,0.003
300,1.3,80328,rccd080328.0062_gregist,2454554.69784,21.935,18.777,,19.535,19.984,21.711,,18.688,19.266,19.294,0.018,0.001,,0.002,0.003,0.012,,0.001,0.002,0.002
301,1.31,80329,rccd080329.0079_gregist,2454555.70318,21.941,18.777,,19.546,19.985,21.703,,18.686,19.27,19.299,0.019,0.001,,0.002,0.003,0.009,,0.001,0.002,0.002
302,1.36,80331,rccd080331.0064_gregist,2454557.73095,22.006,18.81,,19.57,20.022,21.705,,18.728,19.297,19.33,0.013,0.001,,0.002,0.003,0.009,,0.001,0.002,0.001
303,1.37,80402,rccd080402.0064_gregist,2454559.73061,22.002,18.85,,19.609,20.047,21.752,17.984,18.766,19.337,19.368,0.015,0.001,,0.002,0.003,0.009,0.001,0.001,0.001,0.002
304,1.45,80402,rccd080402.0068_gregist,2454559.76353,22.041,18.885,,19.646,20.092,21.805,18.018,18.801,19.374,19.407,0.014,0.001,,0.002,0.002,0.011,0.001,0.001,0.002,0.002
305,1.43,80403,rccd080403.0068_gregist,2454560.75397,22.08,,,19.674,20.124,21.79,18.05,,19.372,19.432,0.016,,,0.002,0.003,0.011,0.001,,0.002,0.002
306,1.31,80408,rccd080408.0050_gregist,2454565.67265,21.989,18.824,,19.596,20.036,21.723,,18.772,19.328,19.344,0.014,0.001,,0.002,0.002,0.009,,0.001,0.001,0.002
307,1.36,80410,rccd080410.0056_gregist,2454567.70495,22.035,18.862,,19.628,20.077,21.746,,18.79,19.354,19.384,0.013,0.001,,0.002,0.002,0.009,,0.001,0.001,0.002
308,1.34,80412,rccd080412.0057_gregist,2454569.68544,21.945,18.782,,19.546,19.982,21.667,,18.691,19.264,19.297,0.014,0.001,,0.002,0.003,0.009,,0.001,0.002,0.002
309,1.32,80415,rccd080415.0041_gregist,2454572.66274,22.297,19.066,,19.826,20.272,22.03,18.201,18.972,19.557,19.587,0.04,0.002,,0.004,0.006,0.03,0.001,0.002,0.003,0.004
310,1.31,80417,rccd080417.0044_gregist,2454574.64750,21.938,18.798,,19.562,20.007,21.675,,18.731,19.275,19.317,0.035,0.002,,0.003,0.005,0.027,,0.002,0.003,0.003
311,1.51,80419,rccd080419.0060_gregist,2454576.73540,22.052,,,19.603,20.038,21.723,,,19.307,19.355,0.053,,,0.005,0.008,0.034,,,0.005,0.004
312,1.35,80422,rccd080422.0049_gregist,2454579.66895,22.027,,,19.579,20.014,21.673,,62.459,19.29,19.351,0.039,,,0.003,0.005,0.022,,,0.003,0.003
313,1.29,80423,rccd080423.0041_gregist,2454580.61747,22.046,,,19.558,20.022,21.733,17.96,,19.288,19.34,0.031,,,0.003,0.004,0.018,0.001,,0.003,0.002
314,1.3,80425,rccd080425.0043_gregist,2454582.61650,21.984,18.803,,19.569,20.017,21.693,17.938,18.717,19.295,19.327,0.017,0.001,,0.002,0.003,0.012,0.001,0.001,0.002,0.002
315,1.3,80427,rccd080427.0002_gregist,2454584.61167,22.503,19.416,18.074,20.151,20.62,22.351,18.558,19.337,19.914,19.937,0.026,0.002,0.001,0.003,0.004,0.018,0.001,0.002,0.002,0.003
316,1.31,80430,rccd080430.0025_gregist,2454587.61796,22.068,18.85,17.504,19.612,20.057,21.772,17.975,18.761,19.341,19.364,0.016,0.001,0.001,0.002,0.002,0.009,0.001,0.001,0.002,0.002
317,1.28,80504,rccd080504.0024_gregist,2454591.55504,21.959,18.783,,19.549,19.991,21.681,,18.721,19.286,19.301,0.014,0.001,,0.002,0.003,0.009,,0.001,0.002,0.002
318,1.32,80506,rccd080506.0027_gregist,2454593.60925,21.943,18.8,,19.564,20.016,21.729,,18.74,19.296,19.314,0.012,0.001,,0.002,0.002,0.009,,0.001,0.002,0.002
319,1.31,80507,rccd080507.0040_gregist,2454594.59563,21.986,,,19.584,20.032,21.726,17.958,,19.289,19.338,0.012,,,0.002,0.002,0.01,0.001,,0.001,0.002
320,1.28,80508,rccd080508.0021_gregist,2454595.55373,21.976,18.795,,19.567,20.003,21.701,17.929,18.71,19.271,19.316,0.012,0.001,,0.002,0.002,0.009,0.001,0.001,0.001,0.002
321,1.3,80510,rccd080510.0029_gregist,2454597.58151,21.953,18.83,,19.594,20.037,21.745,17.964,18.739,19.318,19.345,0.017,0.001,,0.002,0.003,0.01,0.001,0.001,0.002,0.002
322,1.28,80511,rccd080511.0022_gregist,2454598.54174,21.975,18.797,,19.564,19.998,21.671,17.934,18.71,19.295,19.318,0.015,0.001,,0.002,0.003,0.012,0.001,0.001,0.002,0.002
323,1.3,80512,rccd080512.0035_gregist,2454599.57875,21.981,18.793,,19.563,20.0,21.682,,18.702,19.267,19.315,0.021,0.001,,0.002,0.003,0.012,,0.001,0.002,0.002
324,1.3,80514,rccd080514.0025_gregist,2454601.57011,22.02,18.786,,19.548,19.996,21.648,,18.699,19.281,19.292,0.029,0.002,,0.003,0.003,0.017,,0.002,0.003,0.003
325,1.33,80515,rccd080515.0031_gregist,2454602.59140,22.021,18.852,,19.614,20.047,21.758,17.978,,19.324,19.364,0.035,0.002,,0.003,0.005,0.023,0.001,,0.003,0.003
326,1.31,80521,rccd080521.0031_gregist,2454608.55695,21.864,18.815,,19.575,20.023,21.669,17.952,18.743,19.285,19.335,0.032,0.002,,0.003,0.005,0.019,0.001,0.002,0.003,0.003
327,1.36,80524,rccd080524.0030_gregist,2454611.58360,21.999,18.833,,19.601,20.042,21.721,17.97,18.743,19.323,19.352,0.017,0.001,,0.002,0.003,0.013,0.001,0.001,0.002,0.002
328,1.37,80525,rccd080525.0005_gregist,2454612.58890,22.891,19.682,18.354,20.463,20.895,22.639,18.835,19.605,20.19,20.185,0.034,0.002,0.001,0.004,0.005,0.022,0.001,0.002,0.003,0.003
329,1.41,80606,rccd080606.0031_gregist,2454624.57225,22.049,18.846,,19.618,20.052,21.766,17.983,18.758,19.335,19.365,0.013,0.001,,0.002,0.003,0.01,0.001,0.001,0.001,0.002
330,1.39,80609,rccd080609.0019_gregist,2454627.55523,22.029,18.849,,19.611,20.05,21.766,17.986,18.764,19.335,19.369,0.015,0.001,,0.002,0.003,0.013,0.001,0.001,0.002,0.002
331,1.33,80611,rccd080611.0016_gregist,2454629.51476,21.985,18.83,,19.586,20.01,21.756,17.958,18.74,19.31,19.347,0.021,0.001,,0.002,0.004,0.017,0.001,0.001,0.002,0.002
332,1.36,80612,rccd080612.0009_gregist,2454630.53496,21.958,21.445,,19.639,20.087,21.77,18.225,,19.306,19.409,0.03,0.034,,0.003,0.005,0.02,0.018,,0.003,0.003
333,1.31,80615,rccd080615.0005_gregist,2454633.49423,21.994,18.83,,19.591,20.04,21.729,,18.765,19.291,19.345,0.037,0.002,,0.004,0.005,0.026,,0.002,0.003,0.003
334,1.61,80622,rccd080622.0006_gregist,2454640.58682,22.03,18.883,17.529,19.645,20.093,21.734,18.019,18.792,19.372,19.399,0.024,0.001,0.001,0.002,0.003,0.012,0.001,0.001,0.002,0.002
335,1.62,80625,rccd080625.0030_gregist,2454643.58027,22.072,18.904,17.556,19.671,20.111,21.768,18.043,18.816,19.395,19.421,0.014,0.001,0.001,0.002,0.002,0.008,0.001,0.001,0.002,0.002
336,1.58,80627,rccd080627.0032_gregist,2454645.56704,22.063,49.152,,19.651,20.092,21.772,,80.959,19.359,,0.015,,,0.002,0.002,0.011,,,0.002,
337,1.71,80628,rccd080628.0037_gregist,2454646.59018,22.706,84.243,18.158,20.273,20.713,22.419,73.848,107.653,19.979,,0.026,,0.001,0.003,0.004,0.016,,,0.003,
338,1.37,80701,rccd080701.0004_gregist,2454649.48574,22.078,,17.563,19.687,20.12,21.821,18.058,,19.384,19.429,0.017,,0.001,0.002,0.003,0.011,0.001,,0.002,0.002
339,1.35,80702,rccd080702.0008_gregist,2454650.47380,22.007,,,19.608,20.046,21.708,17.978,,19.308,19.361,0.013,,,0.002,0.002,0.01,0.001,,0.001,0.002
340,1.44,80704,rccd080704.0009_gregist,2454652.50766,21.985,18.844,,19.611,20.062,21.757,17.982,18.76,19.342,19.363,0.013,0.001,,0.002,0.002,0.009,0.001,0.001,0.001,0.002
341,1.49,80713,rccd080713.0013_gregist,2454661.49866,22.085,17.5,,19.62,20.058,21.789,17.683,17.412,19.331,19.38,0.041,0.019,,0.003,0.005,0.022,0.018,0.018,0.003,0.003
342,1.6,80718,rccd080718.0015_gregist,2454666.51406,22.058,18.886,,19.657,20.098,21.827,18.016,18.795,19.385,19.401,0.044,0.002,,0.004,0.006,0.028,0.001,0.002,0.004,0.004
343,1.61,80729,rccd080729.0004_gregist,2454677.48560,22.09,57.417,17.582,19.688,20.141,21.831,20.194,,19.391,,0.017,,0.001,0.002,0.003,0.01,0.041,,0.002,
344,1.65,80804,rccd080804.0006_gregist,2454683.47779,22.066,18.907,17.562,19.67,20.117,21.8,18.042,18.822,19.403,19.422,0.018,0.001,0.001,0.002,0.003,0.01,0.001,0.001,0.002,0.002
345,1.73,80807,rccd080807.0006_gregist,2454686.48543,21.968,,,19.589,20.041,21.535,,87.859,19.304,,0.019,,,0.002,0.003,0.012,,,0.002,
346,1.63,81129,rccd081129.0081_gregist,2454800.80737,21.955,,,19.536,19.988,21.668,,,19.282,19.308,0.011,,,0.001,0.002,0.009,,,0.001,0.002
347,1.62,81205,rccd081205.0082_gregist,2454806.79385,21.994,18.816,,19.575,20.023,21.711,,18.734,19.304,19.332,0.013,0.001,,0.002,0.002,0.009,,0.001,0.002,0.001
348,1.66,81208,rccd081208.0065_gregist,2454809.77813,21.955,18.807,,19.559,20.001,21.705,17.936,18.724,19.299,19.322,0.012,0.001,,0.002,0.002,0.011,0.001,0.001,0.002,0.002
349,1.49,81214,rccd081214.0080_gregist,2454815.80259,21.96,18.793,,19.544,19.99,21.612,,18.735,19.285,19.313,0.037,0.002,,0.004,0.006,0.022,,0.002,0.003,0.003
350,1.49,81217,rccd081217.0081_gregist,2454818.79401,21.998,18.782,,19.544,19.99,21.559,,18.712,19.282,19.298,0.024,0.001,,0.002,0.003,0.013,,0.001,0.002,0.002
351,1.44,81220,rccd081220.0067_gregist,2454821.80240,21.971,18.779,,19.539,19.977,21.671,,18.689,19.273,19.294,0.015,0.001,,0.002,0.003,0.01,,0.001,0.002,0.002
352,1.51,81224,rccd081224.0055_gregist,2454825.76882,21.96,18.797,,19.554,19.995,21.711,,18.709,19.285,19.313,0.014,0.001,,0.002,0.002,0.008,,0.001,0.001,0.002
353,1.36,81227,rccd081227.0107_gregist,2454828.81530,21.974,18.868,,19.625,20.066,21.687,,18.805,19.363,19.374,0.014,0.001,,0.002,0.002,0.008,,0.001,0.002,0.002
354,1.37,90105,rccd090105.0068_gregist,2454837.78969,21.978,18.807,,19.57,20.01,21.668,,18.744,19.299,19.325,0.012,0.001,,0.002,0.002,0.008,,0.001,0.001,0.002
355,1.42,90108,rccd090108.0072_gregist,2454840.75816,22.053,18.841,,19.595,20.045,21.671,17.977,,19.317,19.351,0.039,0.002,,0.003,0.005,0.022,0.001,,0.003,0.003
356,1.64,90112,rccd090112.0034_gregist,2454844.68594,22.028,18.832,,19.58,20.022,21.634,,,19.307,19.341,0.039,0.007,,0.004,0.006,0.022,,,0.003,0.003
357,1.54,90115,rccd090115.0047_gregist,2454847.70033,21.915,18.803,,19.567,20.012,21.687,,18.716,19.3,19.327,0.02,0.001,,0.002,0.004,0.017,,0.001,0.002,0.002
358,1.31,90119,rccd090119.0069_gregist,2454851.79041,22.055,18.879,,19.643,20.084,21.79,,18.793,19.364,19.394,0.018,0.001,,0.002,0.003,0.011,,0.001,0.002,0.002
359,1.29,90123,rccd090123.0076_gregist,2454855.85117,22.027,18.84,,19.576,20.041,21.709,,,19.328,19.346,0.014,0.001,,0.002,0.002,0.008,,,0.001,0.001
360,1.33,90127,rccd090127.0060_gregist,2454859.75231,21.915,18.748,,19.508,19.95,21.569,,18.687,19.242,19.271,0.013,0.001,,0.002,0.002,0.009,,0.001,0.002,0.002
361,1.3,90131,rccd090131.0059_gregist,2454863.76042,21.968,18.786,,19.554,19.979,21.719,,18.702,19.279,19.307,0.014,0.001,,0.002,0.002,0.008,,0.001,0.001,0.002
362,1.32,90204,rccd090204.0049_gregist,2454867.73377,21.966,18.779,,19.553,19.99,21.693,,18.699,19.273,19.304,0.013,0.001,,0.002,0.002,0.008,,0.001,0.001,0.001
363,1.32,90208,rccd090208.0048_gregist,2454871.72938,21.915,18.732,,19.523,19.957,21.669,17.904,18.709,19.279,19.285,0.04,0.006,,0.004,0.006,0.03,0.001,0.002,0.004,0.004
364,1.31,90212,rccd090212.0046_gregist,2454875.72246,21.964,18.788,,19.554,20.001,21.746,,18.695,19.294,19.307,0.032,0.002,,0.003,0.005,0.022,,0.002,0.003,0.003
365,1.35,90216,rccd090216.0041_gregist,2454879.68305,22.038,18.845,,19.609,20.044,21.702,17.979,18.751,19.341,19.363,0.016,0.001,,0.002,0.003,0.011,0.001,0.001,0.002,0.002
366,1.28,90219,rccd090219.0073_gregist,2454882.76816,22.255,19.116,,19.87,20.323,22.024,18.255,19.071,19.624,19.631,0.014,0.001,,0.002,0.003,0.011,0.001,0.001,0.002,0.002
367,1.28,90222,rccd090222.0059_gregist,2454885.73558,21.954,18.849,,19.605,20.04,21.757,17.964,18.772,19.296,19.356,0.011,0.001,,0.002,0.002,0.009,0.001,0.001,0.001,0.001
368,1.33,90225,rccd090225.0047_gregist,2454888.67258,22.005,18.832,,19.599,20.04,21.715,,18.762,19.306,19.351,0.012,0.001,,0.002,0.002,0.008,,0.001,0.001,0.002
369,1.29,90228,rccd090228.0071_gregist,2454891.76684,21.986,18.815,,19.58,20.018,21.726,17.945,18.744,19.31,19.327,0.013,0.001,,0.002,0.002,0.009,0.001,0.001,0.001,0.001
370,1.29,90303,rccd090303.0071_gregist,2454894.74770,22.156,18.979,17.639,19.748,20.184,21.881,18.112,18.913,19.483,19.49,0.014,0.001,0.001,0.002,0.002,0.01,0.001,0.001,0.002,0.002
371,1.28,90309,rccd090309.0061_gregist,2454900.70673,22.085,18.839,,19.617,20.047,21.728,,,19.308,19.374,0.05,0.003,,0.005,0.007,0.027,,,0.004,0.004
372,1.28,90312,rccd090312.0057_gregist,2454903.71213,21.978,18.797,,19.562,20.019,21.71,,18.737,19.301,19.333,0.038,0.002,,0.004,0.006,0.03,,0.002,0.003,0.004
373,1.29,90315,rccd090315.0040_gregist,2454906.71682,22.107,18.865,,19.641,20.079,21.742,17.999,18.801,19.365,19.397,0.03,0.001,,0.003,0.005,0.018,0.001,0.002,0.002,0.003
374,1.28,90318,rccd090318.0047_gregist,2454909.68814,22.022,18.83,,19.597,20.035,21.73,17.962,18.761,19.329,19.353,0.017,0.001,,0.002,0.003,0.01,0.001,0.001,0.002,0.002
375,1.3,90321,rccd090321.0058_gregist,2454912.71944,21.986,18.85,,19.607,20.051,21.743,,,19.318,19.365,0.013,0.001,,0.002,0.002,0.008,,,0.001,0.002
376,1.34,90324,rccd090324.0063_gregist,2454915.73746,22.075,,,19.648,20.092,21.778,18.007,,19.347,19.395,0.013,,,0.002,0.003,0.01,0.001,,0.002,0.002
377,1.29,90327,rccd090327.0047_gregist,2454918.68238,22.008,18.818,,19.588,20.03,21.724,,18.75,19.314,19.335,0.014,0.001,,0.002,0.002,0.009,,0.001,0.002,0.002
378,1.36,90330,rccd090330.0062_gregist,2454921.73395,21.97,18.8,,19.564,20.006,21.708,,18.727,19.302,19.32,0.013,0.001,,0.002,0.002,0.011,,0.001,0.002,0.002
379,1.28,90402,rccd090402.0037_gregist,2454924.64824,22.044,,,19.599,20.043,21.744,,,19.289,19.361,0.021,,,0.002,0.003,0.013,,,0.002,0.002
380,1.28,90405,rccd090405.0045_gregist,2454927.64156,21.974,,,19.601,20.038,21.725,,,19.289,19.351,0.03,,,0.003,0.004,0.022,,,0.003,0.003
381,1.3,90407,rccd090407.0049_gregist,2454929.67103,22.07,,,19.629,20.081,21.811,,,19.311,,0.046,,,0.004,0.007,0.032,,,0.004,
382,1.29,90410,rccd090410.0030_gregist,2454932.64863,22.098,18.825,,19.604,20.052,21.747,,18.763,19.339,19.356,0.053,0.002,,0.005,0.006,0.028,,0.002,0.004,0.004
383,1.3,90413,rccd090413.0040_gregist,2454935.65511,22.012,18.809,,19.585,20.018,21.705,17.94,18.745,19.321,19.33,0.027,0.001,,0.003,0.004,0.017,0.001,0.002,0.002,0.002
384,1.34,90416,rccd090416.0056_gregist,2454938.67846,22.148,18.834,17.624,19.731,20.167,21.878,18.103,,19.419,19.483,0.022,0.015,0.001,0.002,0.003,0.013,0.001,,0.002,0.002
385,1.29,90418,rccd090418.0039_gregist,2454940.61659,22.134,18.999,17.647,19.752,20.195,21.885,18.126,18.675,19.461,19.507,0.017,0.001,0.001,0.002,0.003,0.011,0.001,0.002,0.002,0.002
386,1.3,90420,rccd090420.0045_gregist,2454942.63568,22.001,18.83,,19.591,20.034,21.748,,18.683,19.3,19.347,0.014,0.001,,0.002,0.002,0.011,,0.008,0.002,0.002
387,1.29,90423,rccd090423.0028_gregist,2454945.60800,21.95,18.775,,19.494,19.983,21.674,,18.71,19.276,19.302,0.017,0.001,,0.002,0.002,0.009,,0.001,0.002,0.002
388,1.33,90424,rccd090424.0012_gregist,2454946.51573,21.965,18.77,,19.539,19.986,21.681,,18.706,19.279,19.29,0.015,0.001,,0.002,0.002,0.01,,0.001,0.001,0.002
389,1.28,90424,rccd090424.0022_gregist,2454946.56822,21.969,18.771,,19.536,19.97,21.667,,18.703,19.276,19.287,0.013,0.001,,0.002,0.002,0.01,,0.001,0.001,0.002
390,1.3,90424,rccd090424.0030_gregist,2454946.62264,22.004,18.787,,19.554,19.993,21.708,,18.715,19.291,19.296,0.017,0.001,,0.002,0.002,0.009,,0.001,0.002,0.002
391,1.42,90424,rccd090424.0038_gregist,2454946.69407,21.984,18.823,,19.588,20.026,21.724,,18.751,19.328,19.34,0.015,0.001,,0.002,0.003,0.011,,0.001,0.002,0.002
392,1.61,90424,rccd090424.0046_gregist,2454946.74785,22.023,18.838,,19.606,20.039,21.729,,18.769,19.341,19.365,0.016,0.001,,0.002,0.003,0.01,,0.001,0.002,0.002
393,1.42,90429,rccd090429.0057_gregist,2454951.68036,21.983,18.827,,19.593,20.033,21.751,17.961,18.759,19.323,19.347,0.013,0.001,,0.002,0.002,0.01,0.001,0.001,0.002,0.002
394,1.3,90502,rccd090502.0034_gregist,2454954.60519,21.963,18.805,,19.57,20.015,21.743,,,19.269,19.323,0.022,0.001,,0.002,0.003,0.015,,,0.002,0.002
395,1.28,90504,rccd090504.0032_gregist,2454956.55658,22.06,18.821,17.482,19.584,20.019,21.708,17.955,18.891,19.302,19.341,0.035,0.002,0.001,0.003,0.004,0.017,0.001,0.003,0.002,0.003
396,1.32,90507,rccd090507.0048_gregist,2454959.60940,22.08,18.792,,19.559,19.981,21.603,17.927,18.729,19.313,19.321,0.055,0.003,,0.006,0.008,0.038,0.001,0.003,0.005,0.005
397,1.29,90510,rccd090510.0020_gregist,2454962.55892,22.021,18.793,,19.553,20.002,21.649,,18.72,19.273,19.318,0.042,0.002,,0.004,0.005,0.021,,0.002,0.003,0.003
398,1.38,90513,rccd090513.0038_gregist,2454965.62391,21.998,18.813,,19.579,20.015,21.698,17.939,18.729,19.321,19.327,0.024,0.001,,0.002,0.004,0.015,0.001,0.001,0.002,0.002
399,1.29,90515,rccd090515.0028_gregist,2454967.55082,21.944,18.793,,19.557,20.004,21.707,,18.714,19.268,19.311,0.013,0.001,,0.002,0.002,0.008,,0.001,0.001,0.002
400,1.32,90516,rccd090516.0028_gregist,2454968.58341,22.241,19.084,,19.851,20.286,21.936,18.213,19.007,19.57,19.602,0.017,0.001,,0.002,0.003,0.011,0.001,0.001,0.002,0.002
401,1.32,90518,rccd090518.0031_gregist,2454970.57725,21.963,18.792,,19.552,19.994,21.687,17.923,18.716,19.289,19.296,0.013,0.001,,0.002,0.002,0.007,0.001,0.001,0.001,0.001
402,1.34,90521,rccd090521.0022_gregist,2454973.58089,22.006,18.823,,19.571,20.029,21.712,,18.754,19.286,19.344,0.014,0.001,,0.002,0.002,0.009,,0.001,0.001,0.001
403,1.29,90523,rccd090523.0021_gregist,2454975.52883,21.987,18.803,,19.567,20.006,21.708,,18.73,19.289,19.316,0.014,0.001,,0.002,0.002,0.008,,0.001,0.001,0.001
404,1.3,90604,rccd090604.0015_gregist,2454987.51502,22.08,18.866,17.516,19.639,20.078,21.777,17.999,18.795,19.356,19.388,0.04,0.002,0.001,0.004,0.006,0.028,0.001,0.002,0.003,0.004
405,1.35,90605,rccd090605.0014_gregist,2454988.54691,22.124,18.809,,19.571,20.023,21.751,17.944,18.746,19.315,19.338,0.052,0.002,,0.004,0.005,0.028,0.001,0.002,0.004,0.004
406,1.36,90607,rccd090607.0021_gregist,2454990.54558,22.041,18.817,,19.589,20.031,21.747,17.949,18.753,19.328,19.345,0.054,0.002,,0.005,0.006,0.026,0.001,0.002,0.004,0.004
407,1.42,90610,rccd090610.0025_gregist,2454993.56641,21.984,18.808,,19.572,20.017,21.566,,18.739,19.303,19.331,0.028,0.001,,0.003,0.004,0.013,,0.002,0.003,0.002
408,1.47,90612,rccd090612.0026_gregist,2454995.57824,21.972,18.859,,19.62,20.057,21.753,17.995,,19.335,19.378,0.01,0.001,,0.002,0.002,0.009,0.001,,0.001,0.002
409,1.31,90613,rccd090613.0009_gregist,2454996.50137,22.037,18.897,,19.661,20.096,21.768,18.026,18.827,19.387,19.415,0.015,0.001,,0.002,0.002,0.009,0.001,0.001,0.002,0.002
410,1.36,110331,rccd110331.0054_gregist,2455652.73191,22.224,19.074,,19.844,20.273,21.991,18.203,19.001,19.547,19.59,0.016,0.001,,0.002,0.003,0.012,0.001,0.001,0.002,0.002
411,1.29,110402,rccd110402.0056_gregist,2455654.66245,22.221,19.042,,19.807,20.237,21.959,18.17,18.964,19.519,19.557,0.016,0.001,,0.002,0.003,0.011,0.001,0.001,0.002,0.002
412,1.29,110407,rccd110407.0068_gregist,2455659.65099,22.175,19.03,,19.801,20.24,21.974,18.161,18.956,19.511,19.545,0.018,0.001,,0.002,0.003,0.01,0.001,0.001,0.002,0.002
413,1.29,110421,rccd110421.0053_gregist,2455673.61442,22.199,19.026,17.696,19.797,20.243,21.953,18.155,18.949,19.512,19.539,0.033,0.001,0.001,0.003,0.004,0.018,0.001,0.002,0.003,0.003
414,1.29,110424,rccd110424.0045_gregist,2455676.56088,22.072,18.981,,19.755,20.193,21.908,,18.906,19.461,19.501,0.014,0.001,,0.002,0.003,0.012,,0.001,0.002,0.002
416,1.3,110510,rccd110510.0057_gregist,2455692.57620,22.142,19.006,,19.77,20.195,21.854,18.134,18.919,19.481,19.52,0.019,0.001,,0.003,0.004,0.016,0.001,0.001,0.002,0.002
417,1.28,110519,rccd110519.0013_gregist,2455701.52030,22.219,19.034,17.7,19.806,20.246,21.968,18.173,18.965,19.505,19.551,0.029,0.001,0.001,0.003,0.005,0.02,0.001,0.002,0.002,0.003
418,1.29,110524,rccd110524.0030_gregist,2455706.52866,22.259,19.064,17.737,19.841,20.27,21.988,18.198,18.993,19.544,19.581,0.013,0.001,0.001,0.002,0.003,0.011,0.001,0.001,0.002,0.002
419,1.58,110602,rccd110602.0064_gregist,2455715.63730,22.207,19.083,17.768,19.864,20.312,22.037,18.222,19.015,19.566,19.606,0.018,0.001,0.001,0.002,0.003,0.011,0.001,0.001,0.002,0.002
420,1.39,110625,rccd110625.0031_gregist,2455738.51309,22.17,19.014,17.678,19.79,20.237,21.934,18.151,18.941,19.49,19.536,0.014,0.001,0.001,0.002,0.002,0.011,0.001,0.001,0.002,0.002
421,1.37,110628,rccd110628.0013_gregist,2455741.49653,22.224,19.041,17.707,19.814,20.257,21.954,18.171,18.963,19.519,19.55,0.015,0.001,0.001,0.002,0.003,0.01,0.001,0.001,0.002,0.002
422,1.55,110719,rccd110719.0011_gregist,2455762.50095,22.179,19.103,17.777,19.883,20.322,22.01,18.245,19.035,19.591,19.621,0.018,0.001,0.001,0.002,0.003,0.011,0.001,0.001,0.002,0.002
423,1.47,110722,rccd110722.0002_gregist,2455765.46996,22.214,19.075,17.738,19.839,20.282,21.983,18.204,19.0,19.549,19.584,0.018,0.001,0.001,0.002,0.003,0.012,0.001,0.001,0.002,0.002
424,1.54,110724,rccd110724.0002_gregist,2455767.48434,22.26,19.104,17.771,19.876,20.314,22.007,18.244,19.031,19.583,19.607,0.016,0.001,0.001,0.002,0.003,0.012,0.001,0.002,0.002,0.002
425,1.28,120420,rccd120420.0050_gregist,2456038.60482,21.809,18.634,,19.388,19.841,21.522,17.77,18.573,19.029,19.149,0.02,0.001,,0.002,0.003,0.012,0.001,0.001,0.002,0.002
426,1.29,120423,rccd120423.0052_gregist,2456041.60840,21.899,18.682,17.328,19.437,19.894,21.552,17.822,18.621,19.085,19.196,0.027,0.001,0.001,0.002,0.003,0.014,0.001,0.001,0.002,0.003
427,1.28,120430,rccd120430.0033_gregist,2456048.57656,21.836,18.645,,19.411,19.861,21.503,17.788,18.589,19.044,19.168,0.037,0.002,,0.003,0.005,0.021,0.001,0.002,0.003,0.003
428,1.28,120503,rccd120503.0013_gregist,2456051.56025,21.953,18.771,17.419,19.504,19.982,21.697,17.913,18.714,19.165,19.308,0.076,0.004,0.001,0.006,0.009,0.048,0.002,0.004,0.005,0.007
429,1.28,120506,rccd120506.0045_gregist,2456054.55441,22.522,19.01,17.672,19.782,20.201,21.634,18.159,18.958,19.386,19.54,0.161,0.006,0.002,0.01,0.016,0.063,0.003,0.006,0.01,0.011
430,1.29,120509,rccd120509.0025_gregist,2456057.50929,21.802,18.623,,19.366,19.832,21.535,,18.585,19.042,19.141,0.022,0.001,,0.002,0.004,0.014,,0.001,0.002,0.002
431,1.28,120512,rccd120512.0039_gregist,2456060.54598,21.844,18.653,,19.413,19.866,21.553,17.791,18.592,19.056,19.168,0.02,0.001,,0.002,0.003,0.012,0.001,0.001,0.002,0.002
432,1.28,120513,rccd120513.0040_gregist,2456061.53213,21.841,18.667,17.312,19.425,19.879,21.564,17.809,18.609,19.079,19.184,0.017,0.001,0.001,0.002,0.004,0.015,0.001,0.001,0.002,0.002
433,1.29,120516,rccd120516.0045_gregist,2456064.55111,21.431,18.779,,19.541,19.983,21.665,17.918,18.721,19.185,19.302,0.015,0.002,,0.003,0.004,0.017,0.001,0.002,0.002,0.002
434,1.29,120519,rccd120519.0035_gregist,2456067.53081,21.842,18.643,,19.401,19.856,21.542,17.78,18.582,19.042,19.168,0.023,0.001,,0.002,0.003,0.012,0.001,0.001,0.002,0.002
435,1.38,120522,rccd120522.0047_gregist,2456070.59905,21.853,18.694,17.34,19.452,19.9,21.596,17.829,18.632,19.096,19.207,0.022,0.001,0.001,0.002,0.003,0.013,0.001,0.001,0.002,0.002
436,1.3,120530,rccd120530.0038_gregist,2456078.51848,21.798,18.655,17.298,19.411,19.864,21.62,17.795,18.598,19.062,19.177,0.037,0.002,0.001,0.004,0.005,0.024,0.001,0.002,0.003,0.003
437,1.29,120601,rccd120601.0020_gregist,2456080.51190,21.882,18.649,,19.393,19.817,21.542,17.783,18.586,19.048,19.174,0.045,0.003,,0.005,0.007,0.033,0.001,0.003,0.004,0.004
438,1.33,120604,rccd120604.0034_gregist,2456083.53359,21.982,18.667,17.315,19.427,19.867,21.564,17.803,18.61,19.073,19.191,0.071,0.003,0.001,0.006,0.009,0.042,0.001,0.003,0.005,0.005
439,1.32,120607,rccd120607.0011_gregist,2456086.51693,21.857,18.712,17.351,19.468,19.913,21.589,17.85,18.645,19.118,19.22,0.022,0.001,0.001,0.002,0.003,0.015,0.001,0.002,0.002,0.002
440,1.32,120613,rccd120613.0034_gregist,2456092.50193,21.837,18.671,17.317,19.425,19.873,21.566,17.81,18.621,19.078,19.192,0.022,0.001,0.001,0.002,0.003,0.015,0.001,0.001,0.002,0.002
441,1.29,120615,rccd120615.0018_gregist,2456094.47141,21.686,18.657,17.306,19.413,19.867,21.547,17.796,18.599,19.061,19.162,0.016,0.001,0.001,0.002,0.003,0.014,0.001,0.002,0.002,0.002
442,1.34,120621,rccd120621.0030_gregist,2456100.49799,21.784,18.623,,19.385,19.83,21.53,17.759,18.563,19.036,19.144,0.019,0.001,,0.002,0.003,0.014,0.001,0.001,0.002,0.002
443,1.32,120624,rccd120624.0014_gregist,2456103.47415,21.828,18.613,,19.379,19.819,21.514,17.752,18.55,19.023,19.133,0.02,0.001,,0.002,0.003,0.015,0.001,0.002,0.002,0.002
444,1.54,120706,rccd120706.0025_gregist,2456115.53173,21.875,18.708,17.364,19.471,19.911,21.606,17.851,18.648,19.119,19.223,0.02,0.001,0.001,0.003,0.003,0.013,0.001,0.001,0.002,0.002
445,1.36,120709,rccd120709.0007_gregist,2456118.46152,21.824,18.665,17.334,19.431,19.881,21.543,17.805,18.638,19.101,19.191,0.024,0.001,0.001,0.003,0.004,0.014,0.001,0.001,0.002,0.002
446,1.73,120712,rccd120712.0020_gregist,2456121.55567,21.938,18.769,17.424,19.523,19.978,21.605,17.909,18.703,19.175,19.282,0.019,0.001,0.001,0.002,0.003,0.014,0.001,0.001,0.002,0.002
447,1.72,120715,rccd120715.0026_gregist,2456124.54561,21.881,18.691,17.353,19.454,19.908,21.602,17.838,18.631,19.107,19.206,0.018,0.001,0.001,0.002,0.003,0.012,0.001,0.001,0.002,0.002
448,1.65,120721,rccd120721.0037_gregist,2456130.51544,22.061,18.859,17.518,19.631,20.062,21.774,18.003,18.804,19.27,19.38,0.025,0.002,0.001,0.003,0.004,0.017,0.001,0.002,0.002,0.003
449,1.4,121221,rccd121221.0112_gregist,2456283.81430,21.846,18.724,,19.484,19.941,21.621,17.869,18.677,19.138,19.238,0.019,0.001,,0.002,0.003,0.013,0.001,0.001,0.002,0.002
450,1.44,121223,rccd121223.0129_gregist,2456285.79546,21.9,18.703,,19.455,19.924,21.607,17.846,18.654,19.108,19.229,0.022,0.001,,0.003,0.004,0.014,0.001,0.001,0.002,0.002
451,1.41,121229,rccd121229.0123_gregist,2456291.78953,21.968,18.742,,19.507,19.957,21.586,17.893,18.703,19.182,19.289,0.058,0.003,,0.006,0.008,0.039,0.001,0.003,0.005,0.005
452,1.46,130101,rccd130101.0106_gregist,2456294.76391,21.868,18.743,,19.497,19.948,21.671,,18.683,19.129,19.254,0.04,0.002,,0.004,0.007,0.028,,0.002,0.003,0.003
453,1.3,130105,rccd130105.0094_gregist,2456298.84285,21.933,18.728,17.402,19.522,19.96,21.63,17.896,18.693,19.166,19.272,0.028,0.002,0.001,0.003,0.004,0.018,0.001,0.002,0.002,0.003
454,1.31,130108,rccd130108.0105_gregist,2456301.82323,21.894,18.752,17.388,19.51,19.961,21.659,17.892,18.72,19.154,19.265,0.018,0.001,0.001,0.002,0.003,0.014,0.001,0.001,0.002,0.002
455,1.37,130113,rccd130113.0116_gregist,2456306.76759,22.02,18.836,17.484,19.603,20.048,21.614,17.983,18.784,19.254,19.36,0.021,0.001,0.001,0.003,0.003,0.015,0.001,0.002,0.002,0.002
456,1.33,130116,rccd130116.0236_gregist,2456309.78462,22.416,19.184,17.832,19.95,20.389,22.066,18.313,19.127,19.584,19.708,0.036,0.002,0.001,0.003,0.004,0.019,0.001,0.002,0.003,0.003
458,1.29,130122,rccd130122.0112_gregist,2456315.80127,21.664,18.695,,19.464,19.893,21.602,,18.636,19.112,19.225,0.017,0.001,,0.002,0.003,0.013,,0.001,0.002,0.002
459,1.34,130125,rccd130125.0117_gregist,2456318.75070,21.869,18.675,,19.435,19.885,21.501,17.818,18.626,19.088,19.203,0.051,0.003,,0.006,0.007,0.037,0.001,0.003,0.005,0.005
460,1.32,130128,rccd130128.0088_gregist,2456321.75321,21.964,18.685,17.339,19.456,19.896,21.63,17.825,18.629,19.093,19.208,0.054,0.003,0.001,0.005,0.007,0.039,0.001,0.003,0.004,0.004
461,1.39,130209,rccd130209.0035_gregist,2456333.68344,21.881,18.719,,19.485,19.931,21.59,17.855,18.662,19.132,19.238,0.024,0.001,,0.002,0.003,0.013,0.001,0.001,0.002,0.002
462,1.3,130212,rccd130212.0044_gregist,2456336.73335,21.839,18.668,,19.436,19.884,21.566,,18.608,19.077,19.187,0.02,0.001,,0.002,0.003,0.013,,0.001,0.002,0.002
463,1.28,130215,rccd130215.0064_gregist,2456339.76683,21.787,18.655,,19.427,19.881,21.589,17.799,18.607,19.08,19.177,0.016,0.001,,0.002,0.003,0.012,0.001,0.001,0.002,0.002
464,1.28,130219,rccd130219.0069_gregist,2456343.74818,21.896,18.69,17.364,19.458,19.917,21.594,17.836,18.662,19.114,19.216,0.02,0.001,0.001,0.002,0.003,0.012,0.001,0.001,0.002,0.002
465,1.29,130226,rccd130226.0069_gregist,2456350.71648,21.937,18.691,,19.437,19.945,21.629,,18.642,19.106,19.212,0.062,0.003,,0.005,0.009,0.038,,0.003,0.004,0.004
466,1.29,130301,rccd130301.0078_gregist,2456353.76215,21.957,18.713,17.36,19.47,19.919,21.638,17.841,18.675,19.111,19.232,0.04,0.002,0.001,0.004,0.005,0.028,0.001,0.002,0.003,0.003
467,1.31,130305,rccd130305.0039_gregist,2456357.66379,21.939,18.75,17.411,19.53,19.979,21.646,17.88,18.708,19.17,19.27,0.017,0.001,0.001,0.002,0.003,0.014,0.001,0.002,0.002,0.002
468,1.29,130311,rccd130311.0067_gregist,2456363.68259,21.819,18.685,,19.45,19.887,21.601,17.822,18.628,19.076,19.203,0.018,0.001,,0.002,0.003,0.014,0.001,0.001,0.002,0.002
469,1.3,130315,rccd130315.0078_gregist,2456367.73510,21.911,18.71,,19.467,19.927,21.604,17.849,18.65,19.125,19.227,0.021,0.001,,0.002,0.003,0.012,0.001,0.001,0.002,0.002
470,1.3,130318,rccd130318.0005_gregist,2456370.63988,21.876,18.706,,19.471,19.924,21.617,17.849,18.654,19.112,19.23,0.023,0.001,,0.003,0.003,0.013,0.001,0.001,0.002,0.002
471,1.28,130322,rccd130322.0068_gregist,2456374.65868,21.825,18.716,,19.479,19.925,21.568,17.858,18.657,19.128,19.227,0.035,0.002,,0.004,0.005,0.023,0.001,0.002,0.003,0.003
472,1.33,130325,rccd130325.0079_gregist,2456377.73054,21.998,18.733,,19.489,19.941,21.738,17.864,18.669,19.122,19.248,0.068,0.003,,0.006,0.008,0.039,0.002,0.003,0.005,0.005
473,1.28,130328,rccd130328.0062_gregist,2456380.65250,21.937,18.735,,19.49,19.962,21.648,17.864,18.68,19.151,19.261,0.07,0.003,,0.006,0.008,0.035,0.002,0.003,0.004,0.005
474,1.28,130402,rccd130402.0048_gregist,2456385.65555,21.879,18.709,17.36,19.468,19.925,21.625,17.852,18.645,19.114,19.227,0.021,0.001,0.001,0.002,0.003,0.013,0.001,0.001,0.002,0.002
475,1.45,130410,rccd130410.0077_gregist,2456393.74281,21.947,18.779,17.443,19.544,19.999,21.709,17.914,18.721,19.197,19.298,0.023,0.002,0.001,0.003,0.004,0.016,0.001,0.002,0.002,0.003
476,1.28,130413,rccd130413.0045_gregist,2456396.60217,21.946,18.733,,19.503,19.884,21.557,17.87,18.676,19.145,19.252,0.023,0.001,,0.003,0.004,0.015,0.001,0.001,0.002,0.002
477,1.28,130416,rccd130416.0049_gregist,2456399.59624,21.926,18.714,,19.475,19.926,21.186,,18.658,19.122,19.226,0.023,0.002,,0.002,0.004,0.011,,0.002,0.002,0.002
478,1.32,130419,rccd130419.0060_gregist,2456402.65181,22.004,18.762,17.425,19.535,19.97,21.684,17.902,18.733,19.184,19.286,0.033,0.002,0.001,0.003,0.005,0.02,0.001,0.002,0.003,0.003
480,1.5,130505,rccd130505.0050_gregist,2456418.69148,21.966,18.753,17.409,19.52,19.973,21.674,17.895,18.692,19.154,19.273,0.027,0.001,0.001,0.002,0.004,0.015,0.001,0.002,0.002,0.002
481,1.31,130510,rccd130510.0037_gregist,2456422.59337,21.962,18.722,17.381,19.485,19.938,21.64,17.859,18.667,19.144,19.233,0.025,0.001,0.001,0.002,0.003,0.014,0.001,0.001,0.002,0.002
482,1.28,130515,rccd130515.0015_gregist,2456428.53556,21.858,18.692,,19.459,19.91,21.615,17.831,18.639,19.105,19.204,0.022,0.001,,0.003,0.004,0.014,0.001,0.001,0.002,0.002
483,1.28,130520,rccd130520.0011_gregist,2456433.52227,22.002,18.762,17.428,19.547,19.986,21.758,17.91,18.709,19.182,19.273,0.042,0.002,0.001,0.005,0.006,0.029,0.001,0.002,0.003,0.004
484,1.51,130523,rccd130523.0049_gregist,2456436.64359,22.041,18.718,,19.475,19.934,21.719,17.861,18.673,19.149,19.262,0.074,0.003,,0.007,0.011,0.056,0.002,0.004,0.006,0.006
485,1.3,130529,rccd130529.0011_gregist,2456442.53265,21.86,18.702,,19.464,19.903,21.609,17.839,18.643,19.123,19.223,0.02,0.001,,0.002,0.003,0.013,0.001,0.001,0.002,0.002
486,1.37,130602,rccd130602.0025_gregist,2456446.56340,21.953,18.77,,19.545,19.986,21.674,17.912,18.713,19.189,19.304,0.022,0.001,,0.003,0.004,0.015,0.001,0.001,0.002,0.002
487,1.38,130604,rccd130604.0015_gregist,2456448.56608,21.313,18.726,17.391,19.503,19.958,21.606,17.868,18.67,19.153,19.253,0.011,0.001,0.001,0.002,0.003,0.012,0.001,0.001,0.002,0.002
488,1.37,130608,rccd130608.0010_gregist,2456452.55040,21.845,18.706,,19.468,19.931,21.594,17.851,18.653,19.132,19.241,0.019,0.001,,0.002,0.003,0.013,0.001,0.001,0.002,0.002
489,1.36,130611,rccd130611.0010_gregist,2456455.53762,21.93,18.739,17.393,19.497,19.956,21.659,17.878,18.68,19.151,19.261,0.018,0.001,0.001,0.002,0.003,0.012,0.001,0.001,0.002,0.002
490,1.35,130614,rccd130614.0006_gregist,2456458.52351,21.902,18.724,17.378,19.493,19.941,21.631,17.869,18.666,19.132,19.243,0.023,0.002,0.001,0.003,0.004,0.018,0.001,0.002,0.002,0.002
491,1.4,130621,rccd130621.0006_gregist,2456465.52593,21.98,18.732,17.411,19.52,19.96,21.386,17.885,18.698,19.169,19.261,0.062,0.003,0.001,0.006,0.009,0.034,0.001,0.003,0.005,0.005
492,1.49,130629,rccd130629.0012_gregist,2456473.53630,22.007,18.779,17.44,19.544,19.993,21.693,17.926,18.721,19.2,19.291,0.021,0.001,0.001,0.003,0.004,0.015,0.001,0.001,0.002,0.002
493,1.39,130702,rccd130702.0010_gregist,2456476.49132,21.908,18.744,17.4,19.514,19.957,21.654,17.882,18.689,19.157,19.26,0.024,0.001,0.001,0.003,0.004,0.017,0.001,0.001,0.002,0.002
494,1.42,130707,rccd130707.0003_gregist,2456481.49146,21.928,18.833,17.493,19.601,20.017,21.727,17.973,18.771,19.245,19.341,0.018,0.001,0.001,0.002,0.003,0.013,0.001,0.002,0.002,0.003
495,1.73,130712,rccd130712.0022_gregist,2456486.55788,22.021,18.794,17.463,19.56,20.01,21.713,17.938,18.739,19.219,19.313,0.025,0.002,0.001,0.002,0.003,0.017,0.001,0.002,0.002,0.003
496,1.76,130715,rccd130715.0007_gregist,2456489.55374,22.104,18.784,17.458,19.56,20.009,21.661,17.927,18.733,19.241,19.251,0.042,0.002,0.001,0.003,0.004,0.022,0.001,0.002,0.003,0.003
497,1.72,131113,rccd131113.0117_gregist,2456610.83461,22.354,19.146,17.804,19.899,20.332,22.036,18.281,19.096,19.574,19.655,0.043,0.002,0.001,0.004,0.005,0.024,0.001,0.002,0.003,0.003
498,1.67,131121,rccd131121.0070_gregist,2456618.82311,22.192,18.88,,19.642,20.095,21.763,18.014,18.85,19.3,19.415,0.048,0.002,,0.004,0.006,0.028,0.001,0.002,0.004,0.004
499,1.54,131124,rccd131124.0090_gregist,2456621.84283,22.446,19.224,17.895,19.987,20.408,22.146,18.365,19.184,19.631,19.749,0.063,0.003,0.001,0.005,0.008,0.043,0.001,0.003,0.005,0.005
500,1.56,131201,rccd131201.0094_gregist,2456628.82075,22.044,18.907,17.571,19.664,20.099,21.836,18.045,18.848,19.314,19.417,0.027,0.002,0.001,0.003,0.004,0.018,0.001,0.002,0.002,0.003
501,1.51,131205,rccd131205.0067_gregist,2456632.82206,22.079,18.882,17.539,19.647,20.093,21.789,18.02,18.826,19.278,19.394,0.027,0.002,0.001,0.003,0.004,0.016,0.001,0.002,0.002,0.002
502,1.39,131214,rccd131214.0088_gregist,2456641.83962,22.065,18.895,17.55,19.658,20.109,21.702,18.03,18.826,19.292,19.422,0.037,0.002,0.001,0.003,0.005,0.021,0.001,0.002,0.003,0.003
503,1.44,131218,rccd131218.0038_gregist,2456645.80799,22.034,18.91,17.56,19.654,20.121,21.819,18.052,18.821,19.303,19.429,0.06,0.003,0.001,0.006,0.007,0.034,0.001,0.003,0.005,0.005
504,1.37,131221,rccd131221.0104_gregist,2456648.82788,22.094,18.879,17.52,19.623,20.085,21.798,18.013,18.816,19.268,19.406,0.039,0.002,0.001,0.005,0.006,0.028,0.001,0.002,0.003,0.004
505,1.35,131226,rccd131226.0096_gregist,2456653.82482,22.034,18.923,17.56,19.683,20.121,21.756,18.047,18.872,19.318,19.427,0.028,0.002,0.001,0.003,0.005,0.021,0.001,0.002,0.002,0.003
506,1.41,131229,rccd131229.0073_gregist,2456656.78959,22.092,18.867,17.523,19.633,20.06,21.791,18.012,18.817,19.267,19.393,0.025,0.001,0.001,0.002,0.004,0.016,0.001,0.001,0.002,0.002
507,1.33,140101,rccd140101.0095_gregist,2456659.82015,22.026,18.888,,19.626,20.098,21.801,18.025,18.824,19.281,19.408,0.027,0.001,,0.003,0.004,0.018,0.001,0.002,0.002,0.002
508,1.36,140104,rccd140104.0067_gregist,2456662.79528,22.118,18.911,,19.676,20.122,21.85,18.047,18.844,19.318,19.436,0.023,0.001,,0.003,0.004,0.016,0.001,0.001,0.002,0.002
509,1.32,140107,rccd140107.0084_gregist,2456665.81781,22.08,18.938,17.597,19.708,20.154,21.749,18.083,18.877,19.36,19.466,0.027,0.002,0.001,0.003,0.004,0.014,0.001,0.002,0.002,0.003
510,1.34,140113,rccd140113.0105_gregist,2456671.78438,22.151,18.945,,19.724,20.13,21.837,18.086,18.882,19.347,19.48,0.055,0.003,,0.006,0.01,0.043,0.001,0.003,0.004,0.005
511,1.32,140115,rccd140115.0087_gregist,2456673.79507,22.233,18.948,17.604,19.721,20.146,21.881,18.084,18.883,19.341,19.479,0.085,0.003,0.001,0.006,0.009,0.051,0.002,0.004,0.006,0.006
512,1.29,140119,rccd140119.0100_gregist,2456677.81671,22.167,18.909,,19.684,20.115,21.799,18.042,18.843,19.323,19.436,0.051,0.003,,0.005,0.006,0.027,0.001,0.003,0.004,0.004
513,1.38,140122,rccd140122.0069_gregist,2456680.73572,22.642,19.56,18.215,20.319,20.758,22.168,18.695,19.499,19.974,20.075,0.085,0.004,0.002,0.007,0.011,0.046,0.002,0.004,0.007,0.007
514,1.3,140125,rccd140125.0084_gregist,2456683.78560,22.246,18.98,,19.756,20.193,21.756,18.122,18.913,19.387,19.499,0.034,0.002,,0.003,0.004,0.017,0.001,0.002,0.002,0.003
515,1.4,140129,rccd140129.0062_gregist,2456687.71066,22.258,19.03,17.681,19.798,20.231,21.816,18.17,18.964,19.428,19.541,0.027,0.002,0.001,0.003,0.004,0.014,0.001,0.002,0.003,0.003
516,1.29,140202,rccd140202.0075_gregist,2456691.78337,22.072,18.916,17.566,19.682,20.123,21.849,18.055,18.846,19.313,19.429,0.02,0.001,0.001,0.003,0.004,0.016,0.001,0.001,0.002,0.002
517,1.3,140205,rccd140205.0060_gregist,2456694.75012,22.166,18.92,17.575,19.682,20.134,21.831,18.063,18.894,19.328,19.45,0.03,0.001,0.001,0.003,0.004,0.016,0.001,0.001,0.002,0.002
518,1.39,140207,rccd140207.0064_gregist,2456696.69094,22.066,18.93,17.586,19.687,20.152,21.839,18.073,18.901,19.352,19.454,0.028,0.002,0.001,0.003,0.005,0.019,0.001,0.002,0.003,0.003
519,1.3,140210,rccd140210.0058_gregist,2456699.74082,22.113,18.936,17.586,19.681,20.15,21.904,18.068,18.901,19.341,19.454,0.048,0.002,0.001,0.004,0.005,0.028,0.001,0.002,0.004,0.004
520,1.29,140214,rccd140214.0072_gregist,2456703.75330,22.087,19.013,17.67,19.768,20.245,21.922,18.159,18.973,19.402,19.532,0.075,0.004,0.001,0.008,0.011,0.045,0.002,0.004,0.006,0.007
521,1.38,140219,rccd140219.0051_gregist,2456708.65987,22.302,18.978,17.619,20.023,20.5,21.896,18.117,18.928,19.397,19.516,0.056,0.002,0.001,0.006,0.011,0.052,0.001,0.002,0.004,0.004
522,1.28,140222,rccd140222.0065_gregist,2456711.73612,22.141,18.966,,19.748,20.187,21.857,18.109,18.943,19.402,19.49,0.032,0.002,,0.003,0.005,0.021,0.001,0.002,0.002,0.003
523,1.29,140224,rccd140224.0055_gregist,2456713.72541,22.059,18.911,17.624,19.75,20.193,21.864,18.115,18.941,19.406,19.503,0.025,0.011,0.001,0.003,0.004,0.014,0.001,0.001,0.002,0.002
524,1.45,140226,rccd140226.0041_gregist,2456715.61589,22.071,18.851,,19.609,20.076,21.764,,18.781,19.288,19.36,0.021,0.001,,0.003,0.004,0.015,,0.001,0.002,0.002
525,1.28,140301,rccd140301.0061_gregist,2456718.71770,22.065,18.841,17.516,19.608,20.066,21.751,17.975,18.776,19.403,19.351,0.024,0.001,0.001,0.003,0.003,0.016,0.001,0.001,0.003,0.002
526,1.28,140304,rccd140304.0066_gregist,2456721.73227,22.07,18.891,,19.657,20.111,21.603,18.028,18.834,19.314,19.41,0.027,0.001,,0.003,0.004,0.014,0.001,0.002,0.002,0.002
527,1.28,140307,rccd140307.0066_gregist,2456724.69864,22.017,18.842,17.505,19.613,20.064,21.744,17.982,18.775,19.241,19.344,0.023,0.001,0.001,0.003,0.004,0.015,0.001,0.001,0.002,0.002
528,1.33,140310,rccd140310.0042_gregist,2456727.63812,21.961,18.791,,19.556,20.008,21.72,17.918,18.726,19.183,19.301,0.037,0.002,,0.003,0.004,0.023,0.001,0.002,0.003,0.003
529,1.3,140314,rccd140314.0070_gregist,2456731.73812,22.113,18.836,17.496,19.599,20.046,21.683,17.971,18.771,19.237,19.364,0.071,0.003,0.001,0.006,0.009,0.038,0.002,0.003,0.004,0.005
530,1.33,140318,rccd140318.0036_gregist,2456735.61223,22.204,18.873,17.542,19.625,20.082,21.973,18.006,18.805,19.273,19.407,0.085,0.003,0.001,0.006,0.01,0.06,0.001,0.003,0.005,0.005
531,1.32,140321,rccd140321.0062_gregist,2456738.73458,22.01,18.788,,19.552,20.002,21.599,17.926,18.723,19.198,19.315,0.034,0.002,,0.004,0.005,0.019,0.001,0.002,0.003,0.003
532,1.32,140324,rccd140324.0071_gregist,2456741.72538,21.961,18.801,,19.564,20.02,21.726,17.935,18.738,19.21,19.321,0.025,0.001,,0.003,0.003,0.016,0.001,0.001,0.002,0.002
533,1.32,140328,rccd140328.0071_gregist,2456745.71689,21.863,18.816,17.493,19.593,20.029,21.715,17.951,18.741,19.238,19.34,0.023,0.001,0.001,0.003,0.004,0.016,0.001,0.001,0.002,0.002
534,1.29,140331,rccd140331.0047_gregist,2456748.62281,21.971,18.822,17.5,19.592,20.035,21.741,17.96,18.76,19.25,19.341,0.02,0.001,0.001,0.003,0.004,0.016,0.001,0.002,0.002,0.003
535,1.28,140403,rccd140403.0055_gregist,2456751.63395,22.12,18.941,17.605,19.705,20.168,21.779,18.077,18.871,19.364,19.46,0.024,0.002,0.001,0.003,0.004,0.016,0.001,0.002,0.002,0.003
536,1.28,140409,rccd140409.0026_gregist,2456757.63093,22.008,18.808,17.47,19.573,20.013,21.772,17.936,18.767,19.245,19.328,0.037,0.002,0.001,0.004,0.005,0.024,0.001,0.002,0.003,0.003
537,1.29,140412,rccd140412.0044_gregist,2456760.59416,22.136,18.78,,19.54,19.979,21.66,,18.745,19.201,19.301,0.061,0.003,,0.005,0.007,0.031,,0.003,0.004,0.005
538,1.28,140415,rccd140415.0042_gregist,2456763.61079,22.054,18.791,,19.568,19.993,21.539,,18.771,19.227,19.322,0.073,0.003,,0.006,0.009,0.034,,0.003,0.005,0.006
539,1.35,140419,rccd140419.0063_gregist,2456767.67806,22.07,18.8,,19.576,20.014,21.731,17.938,18.745,19.222,19.33,0.037,0.002,,0.003,0.005,0.022,0.001,0.002,0.003,0.003
540,1.28,140423,rccd140423.0037_gregist,2456771.58082,21.961,18.782,,19.544,20.0,21.672,17.912,18.713,19.185,19.303,0.021,0.002,,0.003,0.004,0.015,0.001,0.001,0.002,0.003
541,1.28,140516,rccd140516.0027_gregist,2456794.53452,22.705,19.296,17.977,20.059,20.527,22.09,18.431,19.266,19.766,19.836,0.128,0.004,0.001,0.009,0.013,0.058,0.002,0.004,0.007,0.007
542,1.28,140525,rccd140525.0016_gregist,2456803.49178,22.181,18.943,17.637,19.721,20.174,21.882,18.082,18.884,19.343,19.457,0.025,0.001,0.001,0.003,0.004,0.018,0.001,0.002,0.002,0.003
543,1.3,140531,rccd140531.0019_gregist,2456809.52141,21.744,18.816,17.516,19.596,20.045,21.746,17.961,18.769,19.247,19.336,0.016,0.001,0.001,0.003,0.004,0.015,0.001,0.001,0.002,0.002
544,1.38,140616,rccd140616.0021_gregist,2456825.53385,21.947,18.828,,19.594,20.036,21.725,17.956,18.789,19.279,19.337,0.024,0.002,,0.002,0.004,0.014,0.001,0.001,0.002,0.002
545,1.4,140627,rccd140627.0018_gregist,2456836.51314,22.109,18.961,17.653,19.733,20.182,21.865,18.1,18.926,19.402,19.488,0.024,0.002,0.001,0.003,0.004,0.016,0.001,0.002,0.002,0.003
546,1.65,140717,rccd140717.0025_gregist,2456856.53023,22.014,18.872,17.557,19.643,20.093,21.828,18.012,18.807,19.306,19.389,0.023,0.001,0.001,0.003,0.004,0.015,0.001,0.002,0.002,0.002
547,1.43,141217,rccd141217.0079_gregist,2457009.81506,22.204,18.918,17.577,19.676,20.123,21.872,18.057,18.848,19.326,19.433,0.027,0.002,0.001,0.003,0.004,0.018,0.001,0.002,0.002,0.003
548,1.36,141220,rccd141220.0097_gregist,2457012.83600,22.077,18.927,17.592,19.695,20.124,21.837,18.07,18.86,19.233,19.437,0.021,0.001,0.001,0.003,0.004,0.016,0.001,0.001,0.013,0.002
549,1.35,141222,rccd141222.0087_gregist,2457014.83310,22.104,18.933,17.606,19.708,20.148,21.8,18.075,18.869,19.343,19.463,0.026,0.002,0.001,0.003,0.004,0.014,0.001,0.002,0.002,0.003
550,1.33,141225,rccd141225.0103_gregist,2457017.83675,22.099,18.964,17.628,19.737,20.186,21.756,18.107,18.898,19.376,19.492,0.022,0.001,0.001,0.003,0.003,0.013,0.001,0.001,0.002,0.002
551,1.37,141228,rccd141228.0101_gregist,2457020.80974,21.982,18.843,17.505,19.619,20.055,21.732,17.98,18.782,19.268,19.36,0.02,0.001,0.001,0.002,0.003,0.014,0.001,0.002,0.002,0.002
552,1.35,150103,rccd150103.0038_gregist,2457026.80173,22.185,18.832,17.502,19.585,20.038,21.688,17.971,18.765,19.251,19.359,0.072,0.003,0.001,0.006,0.009,0.039,0.001,0.003,0.005,0.005
553,1.3,150108,rccd150108.0076_gregist,2457031.82629,22.006,18.827,,19.606,20.05,21.658,17.969,18.758,19.241,19.345,0.042,0.002,,0.004,0.006,0.026,0.001,0.002,0.003,0.004
554,1.36,150111,rccd150111.0064_gregist,2457034.77611,22.011,18.826,,19.588,20.032,21.683,17.961,18.752,19.234,19.344,0.031,0.002,,0.003,0.004,0.017,0.001,0.002,0.003,0.003
555,1.39,150114,rccd150114.0065_gregist,2457037.75296,22.095,18.854,,19.623,20.075,21.765,17.991,18.79,19.263,19.37,0.028,0.002,,0.002,0.004,0.017,0.001,0.002,0.002,0.002
556,1.28,150117,rccd150117.0152_gregist,2457040.85615,22.008,18.84,,19.611,20.057,21.709,17.983,18.77,19.259,19.364,0.022,0.001,,0.002,0.003,0.014,0.001,0.001,0.002,0.002
557,1.28,150125,rccd150125.0077_gregist,2457048.81306,22.105,18.895,17.563,19.661,20.115,21.814,18.032,18.823,19.318,19.42,0.023,0.001,0.001,0.003,0.004,0.014,0.001,0.002,0.002,0.002
558,1.28,150129,rccd150129.0070_gregist,2457052.79128,22.037,18.832,,19.586,20.051,21.715,,18.764,19.236,19.359,0.024,0.001,,0.002,0.004,0.014,,0.001,0.002,0.002
559,1.33,150202,rccd150202.0059_gregist,2457056.73321,21.924,18.806,17.487,19.58,20.022,21.688,17.953,18.756,19.233,19.351,0.06,0.003,0.001,0.006,0.008,0.037,0.001,0.003,0.004,0.005
560,1.31,150205,rccd150205.0049_gregist,2457059.73919,22.175,18.869,,19.612,20.066,21.722,17.997,18.834,19.281,19.367,0.073,0.003,,0.006,0.008,0.04,0.001,0.003,0.005,0.005
561,1.35,150208,rccd150208.0054_gregist,2457062.70514,22.208,18.917,17.586,19.68,20.136,21.696,18.046,18.845,19.331,19.431,0.057,0.002,0.001,0.005,0.007,0.028,0.001,0.002,0.004,0.004
562,1.32,150211,rccd150211.0046_gregist,2457065.71346,22.18,18.906,17.574,19.662,20.119,21.771,18.042,18.835,19.319,19.427,0.032,0.002,0.001,0.003,0.005,0.02,0.001,0.002,0.003,0.003
563,1.34,150215,rccd150215.0055_gregist,2457069.69027,22.045,18.86,,19.63,20.072,21.732,17.996,18.795,19.266,19.377,0.026,0.002,,0.002,0.004,0.015,0.001,0.002,0.002,0.002
564,1.35,150218,rccd150218.0051_gregist,2457072.67980,22.158,18.959,17.616,19.719,20.176,21.86,18.099,18.889,19.358,19.48,0.028,0.002,0.001,0.003,0.004,0.017,0.001,0.002,0.002,0.003
565,1.33,150222,rccd150222.0041_gregist,2457076.67699,22.184,19.018,17.705,19.773,20.232,21.964,18.159,18.955,19.438,19.547,0.024,0.002,0.001,0.003,0.004,0.017,0.001,0.002,0.002,0.003
566,1.32,150226,rccd150226.0050_gregist,2457080.67804,22.063,18.912,17.613,19.691,20.055,21.824,18.061,18.863,19.36,19.439,0.033,0.002,0.001,0.004,0.005,0.022,0.001,0.002,0.003,0.003
567,1.31,150302,rccd150302.0059_gregist,2457084.67369,22.063,18.866,17.539,19.641,20.084,21.705,18.005,18.791,19.288,19.376,0.048,0.002,0.001,0.005,0.007,0.027,0.001,0.003,0.004,0.004
568,1.28,150308,rccd150308.0050_gregist,2457090.72804,21.976,18.87,,19.642,20.097,21.652,18.002,18.803,19.289,19.394,0.055,0.003,,0.005,0.007,0.033,0.001,0.003,0.004,0.005
569,1.32,150312,rccd150312.0050_gregist,2457094.63807,22.016,18.883,17.549,19.638,20.09,21.724,18.018,18.85,19.307,19.404,0.021,0.001,0.001,0.003,0.004,0.014,0.001,0.001,0.002,0.002
570,1.3,150316,rccd150316.0061_gregist,2457098.64146,22.569,19.388,18.062,20.144,20.602,22.31,18.526,19.317,19.799,19.906,0.039,0.002,0.001,0.004,0.006,0.027,0.001,0.002,0.003,0.004
571,1.28,150321,rccd150321.0046_gregist,2457103.65137,22.472,19.328,18.005,20.077,20.542,22.25,18.466,19.258,19.746,19.847,0.036,0.002,0.001,0.004,0.005,0.024,0.001,0.002,0.003,0.003
572,1.3,150412,rccd150412.0050_gregist,2457125.66059,22.128,18.932,17.594,19.687,20.139,21.692,18.063,18.86,19.339,19.437,0.027,0.002,0.001,0.003,0.004,0.016,0.001,0.002,0.002,0.003
573,1.32,150416,rccd150416.0061_gregist,2457129.66790,22.114,18.902,17.578,19.665,20.123,21.828,18.034,18.831,19.323,19.426,0.025,0.002,0.001,0.003,0.004,0.018,0.001,0.002,0.002,0.003
575,1.28,150422,rccd150422.0037_gregist,2457135.60840,22.324,19.132,17.813,19.892,20.349,22.053,18.264,19.075,19.568,19.65,0.026,0.002,0.001,0.003,0.004,0.019,0.001,0.002,0.002,0.003
576,1.28,150426,rccd150426.0073_gregist,2457139.59952,22.053,18.929,17.601,19.7,19.986,21.826,18.06,18.857,19.34,19.434,0.033,0.002,0.001,0.004,0.005,0.024,0.001,0.002,0.003,0.003
