,NOAO/IRAF,V2.15.1a,ih64@tortoise.astro.yale.edu,Wed,20:12:30,13-May-2015
,,,,,,
,Image,Column,Line,Mag,FWHM,Ellip
,rccd031130.0111,531.00,545.68,3.59,2.152,0.86
,543.97,543.05,2.03,12.639,0.90,55
,rccd031201.0082,531.12,545.84,3.54,2.322,0.97
,544.08,543.08,1.99,12.818,0.88,55
,rccd031206.0086,540.47,541.19,2.06,8.359,0.66
,544.00,542.23,1.82,12.399,0.62,50
,rccd031207.0041,550.29,535.09,-1.42,24.434,0.72
,559.91,535.24,-1.45,5.188,0.19,82
,rccd031208.0095,540.13,540.84,2.22,7.860,0.59
,545.95,541.53,1.76,16.338,0.20,13
,rccd031210.0074,542.52,544.09,1.85,13.958,0.53
,544.13,542.47,1.83,12.748,0.63,51
,rccd031212.0087,541.98,543.49,1.92,13.148,0.59
,544.06,542.76,1.99,12.838,0.87,54
,rccd031213.0106,544.36,543.19,1.70,13.698,0.24
,548.79,540.03,0.02,22.015,0.83,-23
,rccd031214.0068,542.00,543.41,1.87,13.308,0.57
,544.23,542.44,1.96,12.509,0.79,54
,rccd031215.0081,544.30,543.99,1.72,10.709,0.38
,548.21,541.12,0.66,22.015,0.74,-23
,rccd031216.0093,539.70,540.26,2.32,6.892,0.50
,544.25,542.58,1.83,12.579,0.61,50
,rccd031217.0094,542.58,543.99,1.94,13.578,0.62
,544.37,542.53,1.84,12.659,0.54,49
,rccd031218.0080,542.02,543.19,1.95,13.178,0.65
,544.11,542.35,1.89,12.489,0.60,51
,rccd031219.0081,542.76,543.11,1.87,13.298,0.37
,551.73,537.47,-1.01,20.015,0.83,-15
,rccd031220.0091,531.17,545.69,3.66,2.282,0.95
,544.07,542.93,2.17,12.549,0.88,55
,rccd031221.0072,546.70,539.65,-0.22,26.014,0.80
,556.26,535.07,-1.41,10.239,0.27,16
,rccd031222.0065,540.17,540.89,2.23,8.309,0.63
,543.95,542.19,2.01,12.729,0.74,53
,rccd031223.0161,542.01,543.37,1.94,13.398,0.61
,545.26,541.66,1.79,13.678,0.26,37
,rccd031224.0151,539.17,539.83,2.36,7.144,0.33
,543.96,542.60,1.95,12.729,0.83,54
,rccd031225.0103,538.39,539.54,2.62,7.840,0.52
,543.99,542.84,2.00,12.339,0.89,55
,rccd031226.0120,537.92,539.98,2.56,9.269,0.59
,544.07,542.60,1.98,12.339,0.85,53
,rccd031228.0140,531.30,545.72,3.53,2.360,0.95
,544.07,542.79,2.08,12.569,0.89,55
,rccd031229.0094,538.45,539.74,2.59,7.924,0.41
,544.08,542.79,2.02,12.788,0.87,55
,rccd031230.0099,539.50,539.87,2.65,6.440,0.45
,543.77,542.93,2.04,12.459,0.73,56
,rccd040102.0054,542.77,544.06,1.82,13.908,0.32
,551.15,537.77,-0.32,18.015,0.80,-16
,rccd040104.0126,542.23,543.07,1.84,13.578,0.32
,551.73,537.10,-1.04,20.015,0.83,-13
,rccd040108.0073,531.17,545.75,3.25,2.434,0.96
,544.08,542.94,2.06,12.439,0.91,56
,rccd040109.0139,537.84,540.45,2.59,9.789,0.75
,544.09,543.06,2.06,12.669,0.91,56
,rccd040110.0115,539.63,539.56,2.27,6.472,0.54
,543.70,542.56,1.90,12.429,0.82,53
,rccd040111.0157,539.46,539.87,2.42,6.896,0.38
,544.09,542.60,1.91,12.609,0.80,54
,rccd040112.0062,531.33,545.86,3.46,2.430,0.96
,544.14,542.81,1.95,12.429,0.89,55
,rccd040113.0105,544.50,543.21,1.65,13.998,0.19
,548.83,539.27,-0.11,22.015,0.80,-19
,rccd040116.0098,544.18,543.70,1.79,12.719,0.21
,555.25,534.88,-1.30,12.679,0.46,12
,rccd040118.0107,542.57,543.82,1.81,13.918,0.54
,543.86,542.45,1.88,12.858,0.72,52
,rccd040119.0126,535.29,543.04,2.71,15.008,0.89
,544.23,542.96,2.01,13.028,0.85,55
,rccd040121.0066,539.89,539.26,2.41,4.720,0.61
,543.95,542.25,1.93,12.838,0.73,53
,rccd040123.0112,531.19,545.76,3.49,2.368,0.90
,544.05,542.83,2.04,12.818,0.88,55
,rccd040124.0114,538.52,539.58,2.66,7.728,0.50
,544.08,542.82,2.07,12.988,0.88,55
,rccd040125.0140,537.68,540.12,2.38,10.039,0.42
,544.12,542.62,1.90,12.559,0.72,52
,rccd040126.0077,531.20,545.66,3.39,2.306,0.96
,544.10,542.87,2.10,12.439,0.90,55
,rccd040127.0065,542.01,542.92,1.89,12.978,0.68
,544.19,542.43,1.85,12.429,0.68,51
,rccd040128.0069,538.52,540.06,2.53,7.928,0.48
,544.05,542.79,1.91,12.299,0.86,54
,rccd040130.0114,539.94,539.74,2.10,5.924,0.51
,543.99,542.37,1.94,12.389,0.81,54
,rccd040131.0157,539.65,539.85,2.35,6.552,0.50
,544.10,542.66,1.93,12.639,0.80,53
,rccd040201.0112,543.43,543.66,1.75,13.968,0.40
,548.70,539.75,0.05,22.015,0.79,-21
,rccd040202.0091,537.91,540.29,2.49,9.639,0.60
,544.03,542.83,2.09,12.609,0.90,55
,rccd040203.0116,541.95,543.20,1.94,13.058,0.64
,544.13,542.39,1.97,12.958,0.82,54
,rccd040205.0188,544.18,543.16,1.73,13.338,0.24
,548.93,539.26,-0.08,22.015,0.81,-18
,rccd040207.0122,542.03,543.07,2.02,13.558,0.59
,549.12,539.64,0.45,20.015,0.79,-21
,rccd040208.0108,542.32,543.72,1.95,13.528,0.61
,544.24,542.30,1.85,12.719,0.53,48
,rccd040209.0180,543.31,543.98,1.84,13.808,0.42
,547.10,541.10,1.45,20.015,0.43,-14
,rccd040211.0164,543.59,541.23,1.20,13.388,0.48
,544.67,542.39,1.66,12.439,0.31,36
,rccd040214.0079,531.31,545.35,3.57,2.378,0.93
,544.07,542.63,2.05,12.818,0.86,55
,rccd040216.0175,539.51,539.90,2.37,6.832,0.46
,544.12,542.55,1.88,12.609,0.76,52
,rccd040219.0037,539.02,538.96,2.65,6.112,0.28
,544.03,542.97,2.08,12.599,0.89,55
,rccd040221.0179,542.00,543.13,1.94,13.048,0.63
,544.13,542.40,1.92,12.339,0.69,51
,rccd040222.0074,542.64,543.72,2.01,13.138,0.65
,544.17,542.44,1.99,12.429,0.63,50
,rccd040223.0040,531.27,545.67,3.62,2.268,0.93
,544.13,543.00,2.19,12.359,0.91,56
,rccd040224.0064,542.04,542.85,1.92,12.898,0.65
,545.14,541.84,1.73,13.358,0.25,24
,rccd040225.0066,547.84,536.57,-1.08,28.014,0.83
,556.83,535.14,-1.38,9.499,0.21,22
,rccd040226.0087,547.49,536.95,-0.01,26.014,0.82
,556.63,535.11,-0.63,9.949,0.22,22
,rccd040227.0090,539.48,539.81,2.36,6.588,0.51
,544.06,542.59,1.93,12.389,0.81,54
,rccd040302.0120,542.59,543.50,1.82,13.098,0.53
,545.05,542.03,1.70,13.368,0.29,33
,rccd040304.0088,539.93,541.69,2.04,10.009,0.46
,544.06,542.47,1.91,12.609,0.76,52
,rccd040306.0091,541.90,543.38,1.92,13.028,0.60
,544.17,542.57,1.94,12.709,0.84,54
,rccd040309.0064,543.36,544.05,1.86,13.638,0.43
,548.78,540.25,0.17,22.015,0.78,-22
,rccd040310.0043,542.63,543.60,1.94,13.398,0.59
,545.30,541.92,1.73,13.558,0.21,23
,rccd040313.0041,539.86,540.87,1.95,8.179,0.64
,542.64,541.21,1.92,14.028,0.74,50
,rccd040315.0062,531.30,545.84,3.43,2.484,0.96
,544.08,542.61,1.95,12.469,0.86,54
,rccd040322.0067,539.05,540.21,2.42,7.516,0.26
,544.16,542.87,1.91,12.389,0.79,53
,rccd040325.0062,538.43,539.79,2.54,7.748,0.36
,544.07,542.74,1.97,12.409,0.86,54
,rccd040407.0071,543.30,543.93,1.85,13.518,0.56
,545.26,542.08,1.73,13.408,0.24,26
,rccd040411.0057,540.03,540.99,2.29,8.189,0.62
,544.15,542.58,1.98,12.609,0.77,53
,rccd040415.0023,539.43,540.17,2.47,7.108,0.47
,544.37,542.11,2.06,12.659,0.65,52
,rccd040417.0049,531.24,545.38,3.33,2.708,0.25
,544.13,542.85,2.00,12.049,0.83,53
,rccd040420.0079,543.25,543.96,1.95,13.698,0.49
,546.50,541.36,1.63,16.858,0.30,-9
,rccd040430.0004,531.32,545.86,3.56,2.378,0.98
,544.03,542.77,2.04,12.519,0.90,54
,rccd040501.0004,531.38,545.58,3.60,2.370,0.93
,544.11,542.69,2.09,12.858,0.89,55
,rccd040504.0037,539.48,539.89,2.55,6.440,0.40
,544.13,542.48,1.98,12.089,0.80,53
,rccd040505.0001,547.49,537.71,-0.72,26.014,0.85
,556.67,535.22,-1.38,9.819,0.27,19
,rccd040511.0037,552.17,535.19,-1.41,21.235,0.57
,559.93,535.28,-1.40,5.356,0.12,-88
,rccd040514.0011,538.60,540.20,2.54,8.169,0.32
,544.12,542.74,1.96,12.429,0.78,53
,rccd040517.0001,542.34,543.72,2.75,13.578,0.73
,548.01,543.15,2.68,11.989,0.11,0
,rccd040520.0013,543.33,543.80,1.86,13.658,0.37
,548.91,539.53,0.15,22.015,0.78,-19
,rccd040526.0026,542.70,543.58,2.01,13.718,0.54
,547.68,541.16,1.36,20.015,0.53,-18
,rccd040601.0003,543.84,543.55,1.82,13.708,0.35
,548.65,539.56,0.05,22.015,0.82,-20
,rccd040602.0033,541.92,543.23,2.01,13.228,0.65
,544.17,542.42,1.93,12.439,0.64,50
,rccd040603.0005,531.21,545.86,3.56,2.416,0.98
,544.07,543.11,2.05,12.629,0.90,55
,rccd040605.0010,544.58,543.12,1.59,14.278,0.20
,555.20,535.18,-1.34,12.798,0.46,8
,rccd040608.0007,532.70,545.48,3.50,4.792,0.93
,544.22,542.94,2.13,12.629,0.88,55
,rccd040612.0024,544.05,543.86,1.75,13.248,0.33
,546.62,541.92,1.06,16.648,0.60,-19
,rccd040618.0018,541.92,543.33,1.95,13.028,0.61
,544.27,542.68,1.97,12.709,0.75,52
,rccd040623.0016,546.88,539.49,-1.30,32.013,0.89
,544.18,543.09,2.10,12.679,0.90,55
,rccd040627.0002,542.60,543.52,1.97,13.168,0.65
,545.72,541.46,1.72,14.188,0.24,15
,rccd040630.0004,546.89,540.08,-0.11,26.014,0.82
,551.99,536.29,-1.20,22.015,0.78,-6
,rccd040701.0027,544.13,543.66,1.82,13.758,0.29
,548.81,539.68,0.13,22.015,0.80,-19
,rccd040703.0004,542.58,543.28,1.92,12.738,0.64
,544.18,542.19,1.92,12.359,0.67,52
,rccd040706.0028,543.95,543.53,2.03,13.548,0.32
,548.98,540.49,0.44,22.015,0.81,-23
,rccd040707.0009,548.36,536.44,-1.18,28.014,0.84
,556.76,535.20,-1.37,9.889,0.23,20
,rccd040709.0015,544.62,543.57,1.68,13.838,0.21
,549.01,539.51,-0.19,22.015,0.83,-20
,rccd040714.0016,545.32,541.70,1.34,14.138,0.54
,549.40,538.40,-0.47,22.015,0.86,-16
,rccd040718.0005,548.05,536.96,-0.93,28.014,0.84
,555.56,535.21,-1.22,12.838,0.41,7
,rccd041122.0104,543.35,543.79,2.28,13.748,0.50
,545.45,541.92,2.24,13.988,0.24,29
,rccd041205.0108,542.89,544.33,2.13,14.128,0.53
,545.35,542.29,2.04,13.988,0.23,29
,rccd041207.0073,542.63,544.09,2.12,13.878,0.50
,544.18,542.56,2.12,12.748,0.54,49
,rccd041209.0095,542.48,543.80,2.48,12.888,0.67
,544.20,543.10,2.50,12.519,0.85,53
,rccd041211.0092,543.45,544.08,2.02,13.488,0.43
,545.98,542.13,1.82,14.648,0.20,4
,rccd041213.0097,548.73,536.25,-0.97,28.014,0.81
,558.43,535.33,-1.20,5.184,0.11,59
,rccd041215.0074,542.04,543.81,2.10,13.558,0.54
,544.42,542.50,2.07,12.719,0.66,51
,rccd041217.0096,540.65,541.95,2.21,14.288,0.62
,544.38,542.48,2.03,13.038,0.56,50
,rccd041219.0081,540.13,542.01,2.16,15.678,0.46
,544.28,542.69,2.02,12.689,0.66,51
,rccd050101.0114,542.21,543.69,2.08,13.138,0.59
,544.23,542.46,2.05,12.519,0.56,48
,rccd050103.0065,547.93,536.75,-0.84,28.014,0.84
,556.50,535.32,-1.17,9.919,0.27,14
,rccd050106.0070,542.66,544.09,2.10,13.908,0.54
,546.82,541.86,1.81,17.398,0.23,-7
,rccd050108.0104,531.81,544.83,3.23,2.304,0.92
,544.31,542.84,2.15,12.639,0.82,54
,rccd050110.0107,542.68,544.01,2.14,13.658,0.55
,545.46,542.12,2.02,13.598,0.27,36
,rccd050112.0060,541.89,543.89,2.25,13.718,0.45
,544.33,542.61,2.16,12.878,0.52,49
,rccd050114.0059,543.25,544.33,2.03,14.248,0.43
,548.96,540.81,0.40,22.015,0.80,-25
,rccd050122.0097,542.80,543.61,2.07,13.358,0.57
,545.12,542.01,2.00,12.898,0.37,41
,rccd050125.0078,539.56,540.81,2.55,7.936,0.45
,544.43,542.51,2.12,12.639,0.71,53
,rccd050126.0073,553.66,535.27,-1.28,15.798,0.55
,544.25,542.28,2.00,12.539,0.47,50
,rccd050127.0089,531.16,546.07,3.65,2.386,0.98
,544.12,542.92,2.19,12.808,0.85,53
,rccd050202.0076,543.30,544.05,2.23,13.438,0.45
,545.86,541.62,2.09,14.518,0.16,5
,rccd050203.0066,537.57,540.66,2.69,10.889,0.79
,544.19,542.81,2.14,12.199,0.80,54
,rccd050205.0052,542.29,543.83,2.21,13.538,0.55
,546.07,541.61,1.95,15.018,0.14,5
,rccd050207.0089,542.28,543.74,2.12,13.058,0.59
,544.44,542.45,2.07,12.639,0.49,49
,rccd050209.0085,544.50,544.10,1.88,11.089,0.16
,550.24,538.31,-0.91,24.014,0.84,-15
,rccd050210.0033,544.07,544.07,2.02,13.578,0.38
,549.26,538.80,-0.52,24.014,0.87,-18
,rccd050212.0067,542.21,540.37,1.76,8.259,0.50
,541.27,537.48,2.42,2.194,0.79,-35
,rccd050213.0459,541.74,543.62,2.21,13.638,0.52
,544.71,542.09,2.14,12.629,0.55,50
,rccd050218.0097,549.49,535.50,-1.06,25.994,0.77
,558.69,535.34,-1.15,5.344,0.13,76
,rccd050219.0078,544.27,544.15,2.02,12.269,0.27
,548.83,540.43,0.65,22.015,0.76,-21
,rccd050222.0035,543.50,544.29,2.08,13.728,0.57
,546.09,541.83,1.89,16.108,0.26,-1
,rccd050223.0080,546.16,542.11,1.18,24.014,0.66
,556.79,535.27,-1.15,9.819,0.22,20
,rccd050224.0059,541.88,544.07,2.16,13.458,0.52
,544.38,542.70,2.06,12.599,0.57,49
,rccd050225.0085,543.37,544.14,2.08,13.258,0.55
,544.53,542.40,2.01,12.649,0.48,45
,rccd050228.0057,543.51,543.86,2.08,13.968,0.43
,549.33,539.69,0.53,20.015,0.76,-20
,rccd050303.0064,541.23,540.76,1.90,7.376,0.53
,544.47,539.73,1.95,16.988,0.16,28
,rccd050305.0078,541.01,543.35,2.19,14.218,0.45
,544.42,542.61,2.14,12.419,0.68,51
,rccd050308.0052,544.50,543.96,2.35,10.129,0.20
,556.32,535.16,-0.87,11.189,0.33,15
,rccd050312.0077,541.98,543.55,2.08,13.758,0.50
,546.17,542.81,2.07,8.079,0.44,43
,rccd050315.0054,542.01,543.41,2.24,13.248,0.61
,544.47,542.31,2.11,12.629,0.51,47
,rccd050318.0063,542.61,544.39,2.82,12.948,0.48
,547.54,542.35,2.58,16.748,0.31,-10
,rccd050323.0077,541.87,543.68,2.23,13.248,0.58
,544.25,542.19,2.19,12.129,0.66,52
,rccd050329.0082,546.89,540.04,-0.40,28.014,0.86
,548.78,540.06,0.62,22.015,0.73,-19
,rccd050330.0062,546.79,541.06,0.53,26.014,0.76
,552.04,536.36,-0.93,22.015,0.79,-6
,rccd050331.0062,543.32,544.22,2.09,13.408,0.51
,545.77,541.90,1.98,14.368,0.18,24
,rccd050403.0038,545.99,542.63,1.35,24.014,0.56
,549.66,538.38,-0.70,24.014,0.85,-16
,rccd050406.0056,549.56,535.32,-1.08,25.794,0.77
,558.31,535.30,-1.15,6.008,0.13,63
,rccd050409.0076,544.41,543.71,1.95,13.968,0.23
,548.90,539.42,0.32,22.015,0.77,-19
,rccd050412.0060,547.67,537.93,-0.47,26.014,0.82
,557.93,535.21,-1.15,7.164,0.15,49
,rccd050415.0063,544.22,543.67,1.92,13.898,0.28
,548.99,540.45,0.28,22.015,0.82,-23
,rccd050417.0053,544.23,543.42,1.85,13.818,0.17
,550.17,537.48,-0.60,22.015,0.84,-11
,rccd050422.0050,541.98,543.26,2.25,13.468,0.63
,548.26,541.74,1.78,18.015,0.47,-18
,rccd050425.0002,547.57,538.16,-0.38,26.014,0.83
,558.71,535.31,-1.09,4.948,0.17,69
,rccd050430.0020,544.26,543.33,1.88,14.618,0.30
,548.70,540.91,0.67,22.015,0.78,-22
,rccd050511.0026,542.61,543.94,2.64,13.188,0.63
,544.15,542.35,2.57,12.359,0.64,50
,rccd050513.0036,552.67,535.36,-1.02,20.615,0.54
,560.08,535.38,-1.00,5.208,0.15,-89
,rccd050518.0039,538.78,541.52,1.68,11.559,0.33
,553.82,535.31,-1.10,16.448,0.60,3
,rccd050529.0028,544.30,544.15,2.06,12.738,0.23
,549.23,539.88,0.08,22.015,0.83,-21
,rccd050601.0030,542.77,544.16,2.23,13.308,0.55
,545.58,542.05,2.05,13.788,0.23,21
,rccd050604.0052,552.87,535.38,-0.54,20.355,0.53
,560.03,535.43,-0.51,5.388,0.18,85
,rccd050607.0013,539.60,540.43,2.70,7.600,0.39
,544.53,542.26,2.23,12.549,0.62,52
,rccd050710.0018,544.00,543.93,2.04,13.078,0.37
,545.46,542.16,2.01,13.348,0.27,24
,rccd050724.0015,544.26,543.97,2.14,12.699,0.35
,548.86,540.43,0.69,22.015,0.74,-24
,rccd060109.0080,539.86,539.73,2.90,5.680,0.62
,544.57,542.68,2.37,13.478,0.61,51
,rccd060110.0082,542.26,543.07,2.36,12.848,0.63
,544.31,542.51,2.30,12.449,0.60,50
,rccd060111.0087,542.16,542.76,2.25,12.918,0.74
,544.40,542.66,2.19,12.359,0.67,53
,rccd060112.0095,544.23,543.85,2.15,13.308,0.30
,548.97,540.29,0.51,22.015,0.78,-22
,rccd060113.0086,543.07,543.72,2.22,13.868,0.50
,545.52,541.94,2.11,14.288,0.19,12
,rccd060114.0108,543.46,544.05,2.20,14.088,0.41
,549.26,539.62,0.18,22.015,0.82,-20
,rccd060116.0080,541.01,542.88,2.33,14.338,0.51
,544.26,542.02,2.26,12.738,0.59,51
,rccd060117.0078,544.57,541.78,2.04,13.598,0.24
,552.90,535.21,-0.91,17.378,0.72,3
,rccd060118.0102,542.62,543.53,2.31,13.658,0.54
,548.91,540.31,0.69,22.015,0.77,-22
,rccd060119.0091,544.60,543.44,2.07,13.498,0.18
,549.05,540.17,0.64,22.015,0.79,-21
,rccd060120.0097,543.33,542.69,2.09,12.918,0.27
,548.81,540.90,0.69,22.015,0.83,-23
,rccd060121.0103,544.53,543.39,2.18,12.928,0.31
,545.89,542.34,2.14,14.888,0.25,13
,rccd060122.0071,544.73,543.21,1.95,13.528,0.21
,549.03,540.23,0.60,22.015,0.78,-22
,rccd060123.0081,543.47,543.85,2.21,12.609,0.44
,546.32,540.89,1.84,16.338,0.26,-7
,rccd060124.0088,542.30,543.13,2.28,12.709,0.67
,544.94,542.20,2.07,13.258,0.29,33
,rccd060125.0104,543.29,544.07,2.22,13.238,0.46
,545.28,542.15,2.08,13.678,0.21,28
,rccd060126.0088,542.62,543.51,2.21,13.108,0.52
,545.28,541.99,2.13,13.518,0.29,38
,rccd060127.0058,544.50,543.47,1.95,13.338,0.20
,551.61,537.05,-0.92,21.155,0.78,-10
,rccd060128.0085,554.61,535.23,-1.10,13.348,0.48
,544.49,542.66,2.38,12.858,0.74,53
,rccd060129.0100,544.25,543.30,2.09,13.218,0.25
,545.21,541.86,2.13,13.788,0.26,33
,rccd060130.0047,544.25,542.34,1.97,13.428,0.30
,549.49,537.37,-0.53,24.014,0.87,-11
,rccd060131.0021,545.18,542.66,1.83,16.538,0.36
,556.81,535.31,-1.02,9.989,0.16,22
,rccd060203.0130,543.30,543.67,2.64,12.738,0.55
,544.43,542.64,2.69,12.778,0.69,53
,rccd060204.0075,546.97,540.12,-0.56,30.013,0.86
,559.45,535.38,-1.07,4.928,0.41,85
,rccd060205.0112,542.66,543.64,2.30,12.898,0.59
,544.31,542.50,2.24,12.719,0.50,51
,rccd060206.0069,544.88,543.76,1.99,11.919,0.19
,551.48,537.68,-0.90,21.515,0.80,-14
,rccd060207.0088,544.26,544.15,2.11,10.979,0.24
,546.83,541.22,1.75,22.015,0.41,-12
,rccd060208.0052,547.45,539.17,-0.89,30.013,0.87
,549.90,538.09,-0.93,26.014,0.83,-14
,rccd060209.0055,543.51,544.07,2.19,13.078,0.42
,545.50,542.23,2.12,13.788,0.22,27
,rccd060210.0061,540.37,541.05,2.77,7.584,0.67
,544.19,542.93,2.37,12.659,0.80,54
,rccd060211.0076,542.15,543.24,2.38,12.888,0.67
,544.49,542.51,2.33,12.569,0.64,50
,rccd060212.0078,558.89,535.35,-1.08,5.656,0.07
,559.36,535.29,-1.01,5.144,0.27,81
,rccd060213.0068,549.25,535.58,-0.92,25.974,0.78
,560.04,535.37,-1.01,5.152,0.32,85
,rccd060214.0037,546.84,541.28,0.77,26.014,0.77
,553.47,535.40,-0.86,16.568,0.70,1
,rccd060215.0092,546.21,542.06,1.21,26.014,0.67
,553.93,535.20,-0.93,15.858,0.61,5
,rccd060216.0060,542.64,543.66,2.27,13.328,0.60
,545.21,543.12,2.25,13.728,0.47,48
,rccd060217.0062,544.45,543.09,2.05,13.198,0.30
,545.76,541.14,2.07,14.758,0.20,16
,rccd060218.0090,545.31,542.53,1.77,14.708,0.41
,549.37,540.32,0.42,22.015,0.81,-22
,rccd060219.0076,545.81,542.38,1.48,16.128,0.58
,547.31,540.83,1.48,22.015,0.62,-16
,rccd060220.0083,543.39,544.09,2.23,12.729,0.60
,544.37,542.47,2.27,12.549,0.67,53
,rccd060221.0084,543.95,542.46,2.06,13.218,0.35
,554.92,535.23,-1.02,13.518,0.55,7
,rccd060222.0088,542.67,543.51,2.16,12.609,0.55
,544.58,542.34,2.11,12.768,0.42,44
,rccd060223.0104,538.56,539.41,3.00,7.736,0.58
,544.42,542.85,2.34,12.788,0.77,53
,rccd060225.0113,542.35,542.81,2.44,13.458,0.59
,547.87,541.40,1.81,20.015,0.47,-19
,rccd060226.0078,542.59,543.02,2.34,12.719,0.64
,546.35,541.62,2.17,16.518,0.15,12
,rccd060227.0028,558.58,535.38,-0.73,5.340,0.08
,558.54,535.33,-0.66,5.404,0.21,66
,rccd060302.0084,543.45,543.56,2.14,13.268,0.37
,548.89,540.76,0.48,22.015,0.81,-22
,rccd060303.0115,544.61,542.11,1.82,13.598,0.35
,549.31,538.33,-0.48,24.014,0.86,-13
,rccd060305.0067,540.11,540.72,2.59,7.296,0.62
,544.31,542.59,2.24,12.329,0.66,52
,rccd060306.0065,543.32,543.27,2.20,12.878,0.53
,546.22,541.75,2.00,16.028,0.24,6
,rccd060307.0074,543.55,543.41,2.21,12.988,0.42
,545.83,541.77,2.06,14.618,0.21,8
,rccd060308.0062,544.57,543.04,1.76,1.524,0.24
,559.20,535.25,-1.01,4.680,0.31,78
,rccd060309.0079,539.74,539.27,2.98,4.784,0.44
,544.35,542.71,2.34,12.509,0.78,53
,rccd060310.0049,542.74,543.07,2.28,12.848,0.62
,545.52,541.82,2.09,14.108,0.22,25
,rccd060311.0057,544.26,543.40,2.07,13.328,0.19
,549.40,540.84,0.64,22.015,0.77,-25
,rccd060318.0056,543.36,543.81,2.23,13.458,0.52
,548.40,539.88,0.74,22.015,0.78,-16
,rccd060320.0099,544.01,543.89,2.19,12.429,0.33
,549.00,540.35,0.66,22.015,0.78,-19
,rccd060321.0050,542.67,542.85,2.32,12.928,0.68
,546.78,541.73,1.95,16.908,0.30,-7
,rccd060322.0071,543.44,543.61,2.28,12.978,0.59
,546.31,541.88,2.03,15.968,0.28,0
,rccd060324.0040,542.07,542.30,2.38,13.058,0.77
,544.23,542.46,2.31,12.489,0.70,52
,rccd060326.0046,539.10,540.00,2.93,7.636,0.26
,544.27,542.55,2.31,12.679,0.67,52
,rccd060328.0055,544.20,540.42,0.94,28.014,0.65
,543.94,540.37,2.07,15.808,0.37,30
,rccd060403.0032,544.24,543.83,2.17,13.018,0.30
,549.20,540.72,0.68,22.015,0.79,-24
,rccd060404.0048,543.83,543.34,2.18,13.058,0.34
,546.02,541.84,2.08,14.678,0.23,5
,rccd060406.0050,542.48,542.72,2.41,13.078,0.62
,548.03,541.13,1.60,20.015,0.59,-20
,rccd060407.0061,543.60,543.39,2.19,13.578,0.41
,548.75,539.81,0.98,20.015,0.77,-20
,rccd060408.0054,546.01,541.67,1.16,26.014,0.72
,551.01,536.33,-0.91,21.895,0.76,-5
,rccd060409.0056,544.30,543.62,2.22,13.498,0.26
,550.18,538.01,0.08,20.015,0.82,-15
,rccd060412.0060,544.30,542.87,2.34,13.198,0.31
,550.90,537.75,-0.52,22.015,0.84,-14
,rccd060414.0048,544.48,543.42,1.99,13.488,0.20
,547.36,541.10,1.78,22.015,0.49,-16
,rccd060417.0023,548.53,535.81,-0.89,27.214,0.83
,556.24,535.28,-0.99,11.299,0.29,13
,rccd060419.0032,554.90,535.32,-1.07,13.748,0.40
,552.19,537.08,-0.83,22.015,0.77,-11
,rccd060420.0038,549.45,535.43,-0.88,26.254,0.76
,559.45,535.35,-0.97,4.972,0.18,80
,rccd060421.0038,547.49,538.85,-0.19,26.014,0.87
,553.83,535.26,-0.93,16.318,0.65,3
,rccd060422.0058,542.66,543.81,2.36,13.238,0.60
,546.34,541.71,2.08,15.398,0.21,3
,rccd060423.0037,544.73,542.17,1.91,14.238,0.18
,551.94,536.64,-0.77,22.015,0.79,-8
,rccd060424.0027,543.18,543.89,2.27,13.668,0.47
,546.13,541.72,2.06,15.438,0.22,0
,rccd060425.0044,549.53,535.52,-0.91,25.934,0.78
,560.14,535.34,-1.00,4.780,0.24,87
,rccd060426.0052,543.55,543.48,2.24,13.518,0.36
,550.04,537.93,0.13,20.015,0.83,-14
,rccd060427.0060,546.88,540.95,0.43,26.014,0.82
,556.83,535.27,-0.97,9.989,0.21,24
,rccd060430.0061,543.75,543.15,2.25,12.529,0.40
,549.54,540.11,0.97,20.015,0.74,-23
,rccd060505.0054,544.78,543.37,2.14,14.688,0.31
,555.86,535.20,-0.76,12.079,0.38,12
,rccd060506.0054,542.31,543.37,2.39,13.268,0.64
,544.48,542.45,2.36,13.248,0.69,52
,rccd060507.0015,541.38,541.96,2.11,14.958,0.45
,545.71,540.76,1.94,15.818,0.31,-10
,rccd060507.0021,543.34,543.92,2.41,13.278,0.52
,544.22,542.43,2.39,13.038,0.58,51
,rccd060507.0034,542.36,542.75,2.35,13.448,0.70
,544.57,542.36,2.32,12.529,0.57,49
,rccd060507.0042,541.79,542.30,2.70,14.448,0.75
,544.71,542.51,2.65,12.049,0.72,51
,rccd060507.0047,542.00,543.07,2.44,13.858,0.62
,545.03,542.28,2.37,12.838,0.51,47
,rccd060508.0039,543.45,544.16,2.24,13.628,0.48
,547.36,541.39,1.66,20.015,0.58,-19
,rccd060509.0035,540.51,540.42,2.62,6.200,0.75
,544.24,542.50,2.37,12.459,0.75,53
,rccd060510.0028,539.69,539.77,2.89,6.384,0.49
,544.29,542.55,2.34,12.379,0.73,52
,rccd060511.0014,539.44,539.78,2.83,6.624,0.65
,544.47,542.55,2.40,12.679,0.80,55
,rccd070402.0038,543.43,544.10,2.52,13.038,0.64
,545.41,541.53,2.24,13.578,0.29,-2
,rccd070403.0033,544.40,544.10,2.32,9.939,0.14
,547.64,541.81,1.74,22.015,0.64,-21
,rccd070405.0047,547.47,538.41,-0.30,26.014,0.84
,560.01,535.27,-1.11,5.120,0.20,-88
,rccd070406.0057,543.33,544.13,2.18,13.218,0.58
,544.52,542.70,2.19,12.479,0.52,48
,rccd070407.0043,543.24,544.13,2.18,13.718,0.48
,545.65,542.29,1.99,13.718,0.23,16
,rccd070408.0049,541.98,543.04,2.83,13.058,0.68
,544.11,542.60,2.83,11.859,0.85,53
,rccd070409.0038,539.57,539.69,3.10,6.964,0.48
,544.57,542.27,2.63,12.738,0.70,54
,rccd070411.0019,543.38,544.57,2.58,13.188,0.48
,545.61,542.17,2.41,14.228,0.18,19
,rccd070412.0039,543.62,543.98,2.11,13.008,0.47
,544.38,542.51,2.20,12.309,0.70,52
,rccd070414.0047,544.76,543.43,1.91,13.818,0.25
,550.55,538.12,-0.43,22.015,0.83,-17
,rccd070417.0057,543.61,544.22,2.19,13.438,0.47
,545.10,542.41,2.06,13.268,0.31,34
,rccd070418.0001,548.31,537.00,0.05,28.014,0.86
,555.62,535.29,-0.17,12.519,0.42,9
,rccd070419.0007,543.39,544.14,2.27,13.738,0.45
,546.28,542.04,2.11,15.098,0.26,6
,rccd070421.0001,549.54,535.63,-0.94,26.514,0.76
,560.14,535.38,-1.04,5.048,0.15,-87
,rccd070424.0044,547.15,537.86,-0.43,28.014,0.84
,557.50,535.34,-1.06,8.409,0.11,36
,rccd070425.0021,546.94,541.32,0.46,26.014,0.82
,551.85,536.22,-1.03,20.775,0.78,-5
,rccd070426.0031,543.25,543.55,2.09,12.758,0.43
,545.60,542.22,1.96,14.488,0.26,21
,rccd070427.0025,543.46,544.23,2.16,13.468,0.42
,546.65,541.52,1.83,20.015,0.35,-14
,rccd070428.0031,549.76,535.76,-1.03,25.594,0.77
,558.60,535.30,-1.08,5.680,0.13,72
,rccd070429.0041,546.36,541.63,0.72,26.014,0.73
,555.98,535.24,-1.05,11.729,0.38,10
,rccd070509.0031,542.71,543.55,2.27,12.788,0.59
,544.69,542.28,2.21,12.509,0.48,48
,rccd070510.0108,544.72,543.10,2.72,16.368,0.35
,553.71,535.36,-0.09,16.318,0.73,0
,rccd070513.0043,542.84,543.01,2.16,12.529,0.43
,549.94,542.32,1.57,18.015,0.59,-26
,rccd070514.0047,545.13,543.14,1.76,13.868,0.36
,553.13,535.38,-0.99,17.538,0.71,1
,rccd070516.0029,544.43,543.28,2.02,13.368,0.20
,548.80,540.34,0.56,22.015,0.80,-21
,rccd070517.0043,543.54,543.93,2.26,13.578,0.48
,547.29,541.18,1.74,20.015,0.50,-17
,rccd070518.0039,547.16,540.20,0.14,26.014,0.82
,557.56,535.21,-1.04,7.868,0.14,33
,rccd070519.0044,544.66,543.41,2.00,13.848,0.25
,552.72,535.49,-0.94,18.815,0.76,0
,rccd070521.0017,545.91,542.65,1.49,16.508,0.48
,552.35,536.96,-0.87,20.235,0.76,-10
,rccd070522.0028,543.17,543.82,2.20,13.708,0.50
,548.86,540.32,0.88,20.015,0.69,-23
,rccd070523.0024,544.13,544.14,2.02,12.918,0.25
,546.69,541.36,1.54,22.015,0.55,-17
,rccd070525.0019,544.60,543.85,1.99,11.929,0.18
,552.14,536.37,-0.97,20.115,0.78,-6
,rccd070526.0025,546.91,540.10,0.09,26.014,0.82
,558.67,535.30,-1.06,5.348,0.14,71
,rccd070602.0046,544.16,543.36,2.08,13.128,0.29
,544.23,541.26,1.65,12.878,0.46,-10
,rccd070603.0014,546.11,541.60,1.27,24.014,0.65
,549.71,538.37,-0.49,24.014,0.84,-15
,rccd070604.0020,544.69,543.62,1.99,12.978,0.20
,549.43,539.03,-0.35,24.014,0.84,-18
,rccd070605.0015,551.71,535.34,-0.98,21.195,0.75
,560.16,535.25,-1.08,3.986,0.22,-89
,rccd070606.0014,546.58,540.27,0.77,24.014,0.76
,557.61,535.21,-1.08,7.872,0.12,36
,rccd070609.0018,544.85,543.03,2.00,13.508,0.33
,548.97,540.15,0.70,22.015,0.79,-21
,rccd070611.0001,544.64,543.05,2.95,13.948,0.20
,549.46,538.42,0.58,24.014,0.88,-16
,rccd070616.0022,545.00,543.99,3.19,9.279,0.12
,555.52,535.25,0.12,12.758,0.50,7
,rccd070620.0001,544.26,543.86,2.10,13.948,0.19
,556.83,535.25,-1.00,9.879,0.23,18
,rccd070622.0011,548.07,536.86,-0.71,28.014,0.85
,556.91,535.26,-1.02,9.699,0.22,20
,rccd070623.0005,545.69,543.10,1.46,16.568,0.57
,559.46,535.33,-1.04,5.104,0.22,83
,rccd070625.0019,548.24,538.04,-0.70,28.014,0.85
,557.51,535.27,-1.02,7.784,0.15,31
,rccd080202.0128,550.62,535.27,-1.30,24.274,0.71
,560.11,535.33,-1.33,5.268,0.16,-87
,rccd080203.0051,542.87,541.84,1.72,13.858,0.29
,548.34,539.54,0.32,22.015,0.82,-19
,rccd080205.0041,543.35,543.45,1.92,12.858,0.38
,549.07,540.55,0.35,22.015,0.78,-23
,rccd080210.0131,542.73,543.25,2.05,12.549,0.60
,544.58,542.34,2.02,12.629,0.50,49
,rccd080212.0056,543.18,543.45,1.97,13.738,0.48
,544.76,542.00,1.92,13.468,0.31,41
,rccd080214.0051,539.77,539.75,2.55,5.928,0.44
,544.34,542.87,2.07,12.629,0.74,54
,rccd080216.0060,544.13,543.63,1.89,13.408,0.24
,549.95,537.69,-0.19,20.015,0.86,-13
,rccd080219.0043,544.52,543.47,1.77,13.148,0.19
,548.89,540.66,0.35,22.015,0.79,-23
,rccd080222.0057,543.65,543.76,1.93,13.788,0.45
,548.00,541.26,1.31,20.015,0.59,-20
,rccd080224.0066,544.88,543.23,1.71,14.418,0.30
,552.22,535.38,-1.06,19.735,0.79,0
,rccd080227.0032,542.03,542.97,2.13,12.968,0.64
,544.34,542.36,2.04,12.579,0.62,50
,rccd080301.0051,542.36,543.67,2.07,13.188,0.54
,546.13,541.98,1.83,14.838,0.18,15
,rccd080316.0039,543.54,544.14,1.96,13.678,0.35
,546.47,541.50,1.72,16.408,0.31,-13
,rccd080321.0078,543.67,544.26,1.95,12.978,0.40
,548.94,539.24,0.13,22.015,0.80,-18
,rccd080325.0056,544.29,543.96,1.95,13.908,0.29
,548.90,539.60,0.55,20.015,0.75,-18
,rccd080328.0061,543.53,544.33,1.92,13.178,0.30
,545.85,542.10,1.76,15.958,0.15,7
,rccd080329.0078,543.54,544.34,1.95,13.018,0.38
,545.50,542.30,1.80,14.008,0.17,10
,rccd080331.0063,543.42,544.01,1.96,13.438,0.43
,545.87,542.04,1.80,14.098,0.21,10
,rccd080402.0063,544.46,543.77,1.87,13.138,0.19
,548.66,540.88,0.72,22.015,0.74,-22
,rccd080402.0067,544.49,543.38,1.91,13.458,0.22
,548.89,540.91,0.40,22.015,0.82,-23
,rccd080403.0067,544.41,543.47,1.89,13.788,0.21
,549.38,538.50,0.26,20.015,0.79,-17
,rccd080408.0049,540.16,540.84,2.51,7.864,0.51
,544.46,542.73,2.18,12.738,0.71,52
,rccd080410.0055,542.61,544.05,2.08,13.248,0.50
,544.70,542.27,2.06,12.439,0.50,47
,rccd080411.0047,543.42,543.97,2.74,13.218,0.58
,544.45,542.40,2.73,12.619,0.51,51
,rccd080412.0056,544.14,543.87,1.90,12.988,0.29
,549.04,541.08,0.51,22.015,0.77,-24
,rccd080417.0043,540.15,541.45,2.35,9.289,0.44
,544.56,542.71,2.02,12.848,0.65,50
,rccd080419.0059,542.70,543.83,2.16,12.898,0.59
,544.67,542.42,2.04,12.399,0.57,48
,rccd080422.0048,544.61,543.36,1.78,13.528,0.23
,547.48,540.38,1.30,20.015,0.59,-20
,rccd080423.0040,545.96,542.60,1.34,16.418,0.52
,554.20,535.15,-1.18,15.788,0.61,5
,rccd080425.0042,544.64,543.79,1.76,13.178,0.16
,549.01,539.95,0.65,20.015,0.75,-21
,rccd080427.0001,541.92,543.04,3.03,13.858,0.59
,557.91,535.28,-0.37,6.960,0.14,52
,rccd080430.0024,548.07,536.53,-0.91,28.014,0.85
,557.42,535.27,-1.24,7.940,0.17,30
,rccd080504.0023,541.40,542.91,2.15,13.768,0.60
,544.56,542.51,2.05,12.689,0.60,50
,rccd080506.0026,543.49,544.14,2.05,13.828,0.39
,550.86,537.98,-0.56,20.015,0.83,-15
,rccd080507.0039,531.24,545.70,3.65,2.130,0.98
,549.21,539.68,0.16,22.015,0.78,-21
,rccd080508.0020,543.96,543.83,1.90,13.058,0.30
,546.54,541.53,1.71,16.428,0.31,-12
,rccd080510.0028,544.94,543.01,1.56,14.258,0.35
,550.83,537.83,-1.03,24.014,0.82,-14
,rccd080511.0021,544.05,543.64,1.85,13.718,0.25
,548.86,540.36,0.33,22.015,0.78,-21
,rccd080512.0034,542.35,543.30,2.05,13.348,0.59
,546.51,541.70,1.89,16.368,0.19,15
,rccd080514.0024,544.04,543.84,1.90,12.888,0.35
,545.09,542.26,1.93,13.068,0.35,40
,rccd080515.0030,542.41,542.70,2.18,13.248,0.69
,548.00,541.46,1.56,20.015,0.53,-17
,rccd080519.0048,544.90,543.51,1.74,14.488,0.32
,556.75,535.19,-1.19,10.229,0.27,20
,rccd080521.0030,543.40,543.42,2.02,13.448,0.31
,551.63,537.49,-0.98,22.015,0.81,-14
,rccd080524.0029,543.44,543.44,2.00,12.798,0.33
,546.18,541.65,1.82,15.068,0.32,-3
,rccd080525.0004,532.12,546.46,3.98,1.904,0.99
,542.83,543.82,2.50,13.218,0.20,24
,rccd080606.0030,547.58,538.22,-0.51,26.014,0.85
,556.91,535.23,-1.21,9.819,0.22,18
,rccd080609.0018,544.54,543.50,1.86,13.738,0.22
,553.20,535.35,-1.18,17.278,0.68,1
,rccd080611.0015,543.46,543.34,1.98,13.098,0.32
,548.98,539.89,0.36,22.015,0.78,-19
,rccd080612.0008,544.39,543.18,1.87,13.068,0.26
,548.93,540.05,0.79,20.015,0.75,-21
,rccd080615.0004,540.68,540.74,2.46,7.228,0.75
,544.62,542.88,2.14,12.938,0.70,52
,rccd080622.0005,547.63,536.93,-0.71,28.014,0.87
,556.90,535.28,-1.04,9.639,0.24,15
,rccd080625.0029,546.70,539.14,0.05,26.014,0.78
,557.57,535.29,-1.21,7.728,0.12,27
,rccd080627.0031,544.63,542.57,1.75,13.148,0.27
,554.27,535.37,-1.14,15.528,0.65,2
,rccd080628.0036,555.08,535.34,-0.94,14.148,0.40
,553.11,535.34,-0.74,18.315,0.74,1
,rccd080701.0003,544.72,543.60,1.74,14.448,0.20
,555.44,535.25,-1.18,12.948,0.46,7
,rccd080702.0007,547.07,540.00,-0.03,26.014,0.81
,555.39,535.15,-1.17,13.308,0.47,8
,rccd080704.0008,547.05,540.62,0.02,26.014,0.82
,556.84,535.26,-1.23,9.739,0.25,17
,rccd080713.0012,539.27,541.41,1.99,9.869,0.37
,548.79,541.05,0.75,22.015,0.75,-23
,rccd080718.0014,543.59,544.15,1.99,13.458,0.31
,548.95,539.53,0.10,22.015,0.81,-20
,rccd080729.0003,543.58,543.83,2.08,13.748,0.25
,549.88,538.65,-0.26,22.015,0.82,-17
,rccd080804.0005,545.47,542.30,1.32,24.014,0.54
,557.21,535.28,-1.21,8.559,0.18,19
,rccd080807.0005,544.67,543.07,1.72,13.378,0.18
,549.58,538.25,-0.43,22.015,0.85,-15
,rccd081129.0080,539.38,540.65,2.39,7.772,0.39
,544.15,542.04,1.97,13.038,0.48,50
,rccd081205.0081,543.35,543.91,2.00,13.738,0.41
,548.99,540.45,0.14,22.015,0.82,-24
,rccd081208.0064,543.46,544.20,1.96,13.658,0.40
,548.76,540.45,0.36,22.015,0.80,-23
,rccd081214.0079,540.14,541.69,2.24,9.709,0.55
,544.33,542.76,2.09,12.619,0.78,52
,rccd081217.0080,531.25,545.87,3.81,2.358,0.98
,544.17,542.86,2.18,12.629,0.88,55
,rccd081220.0066,544.18,544.07,1.90,12.399,0.29
,548.83,540.58,0.33,22.015,0.82,-24
,rccd081224.0054,536.40,541.27,2.53,2.604,0.85
,543.51,542.30,2.19,12.309,0.85,56
,rccd081227.0106,552.31,535.26,-1.27,18.635,0.67
,550.69,539.50,0.52,1.611,0.84,-25
,rccd090105.0067,539.52,540.97,2.49,8.289,0.36
,544.38,542.85,2.07,12.788,0.76,53
,rccd090108.0071,544.03,544.00,1.94,12.978,0.28
,549.52,538.69,-0.74,24.014,0.86,-17
,rccd090114.0064,542.54,543.17,2.06,12.549,0.68
,544.34,542.73,2.06,12.299,0.69,51
,rccd090117.0055,546.88,540.06,0.02,26.014,0.82
,556.67,535.25,-1.19,9.969,0.25,20
,rccd090125.0060,539.84,539.95,2.65,6.044,0.43
,544.21,542.76,2.10,12.099,0.76,52
,rccd090129.0040,544.16,541.84,1.73,12.998,0.20
,548.88,540.63,0.37,22.015,0.78,-23
,rccd090210.0046,542.31,542.95,2.07,12.459,0.68
,544.28,542.65,2.10,12.519,0.74,52
,rccd090214.0024,543.21,543.76,2.01,13.538,0.44
,548.94,540.46,0.42,22.015,0.80,-24
,rccd090219.0072,543.36,542.99,2.27,12.669,0.52
,545.78,541.38,2.08,14.338,0.15,8
,rccd090222.0058,542.34,542.25,2.11,13.478,0.63
,545.90,541.52,1.80,17.908,0.28,4
,rccd090225.0046,542.72,543.51,2.06,12.968,0.53
,546.01,542.01,1.88,14.688,0.19,24
,rccd090228.0070,544.19,543.78,1.87,13.618,0.23
,550.20,537.82,-0.77,22.015,0.86,-14
,rccd090303.0070,560.06,535.78,-1.35,9.539,0.09
,560.06,535.80,-1.37,9.549,0.10,-1
,rccd090309.0060,544.61,543.25,1.81,14.018,0.27
,548.68,540.96,0.88,20.015,0.72,-24
,rccd090312.0056,542.60,544.15,2.04,12.729,0.57
,544.34,542.76,2.02,12.599,0.56,48
,rccd090315.0039,545.37,541.93,1.42,14.508,0.42
,552.51,536.50,-1.15,19.855,0.75,-7
,rccd090318.0046,544.18,543.63,1.91,13.168,0.28
,546.18,541.61,1.79,15.508,0.27,-5
,rccd090321.0057,541.97,543.54,2.18,13.118,0.56
,544.46,542.45,2.15,12.239,0.67,51
,rccd090324.0062,544.31,543.69,2.00,13.448,0.26
,548.04,541.33,1.33,20.015,0.60,-20
,rccd090327.0046,544.63,542.92,1.80,13.108,0.21
,549.15,540.41,0.14,22.015,0.81,-24
,rccd090330.0061,542.77,543.37,2.03,12.349,0.58
,544.34,542.82,2.02,12.129,0.59,50
,rccd090402.0036,539.57,539.86,2.66,7.260,0.28
,544.54,542.50,2.20,12.649,0.74,52
,rccd090405.0044,544.74,543.35,1.83,13.738,0.23
,548.89,540.26,0.52,22.015,0.75,-22
,rccd090407.0048,539.58,540.33,2.56,7.876,0.33
,544.81,542.52,2.18,12.918,0.70,52
,rccd090410.0029,543.36,544.27,2.03,12.918,0.50
,544.72,542.30,1.96,12.539,0.35,39
,rccd090413.0039,546.74,541.54,0.33,26.014,0.81
,552.21,537.34,-1.16,20.615,0.76,-12
,rccd090416.0055,546.28,538.86,0.64,24.014,0.72
,554.23,535.14,-1.01,16.088,0.60,3
,rccd090418.0038,544.16,543.53,1.81,15.038,0.21
,556.07,535.31,-1.09,11.469,0.33,6
,rccd090420.0044,541.09,542.77,2.19,13.898,0.53
,544.63,542.78,2.20,12.768,0.69,51
,rccd090423.0027,543.39,544.20,1.97,13.558,0.37
,546.98,541.52,1.60,20.015,0.34,-14
,rccd090424.0011,542.60,544.16,2.03,13.508,0.56
,544.24,542.67,1.99,12.539,0.59,50
,rccd090424.0021,542.01,543.85,2.03,12.988,0.54
,544.23,542.73,1.98,12.169,0.72,52
,rccd090424.0029,543.95,544.21,1.85,12.159,0.52
,545.33,542.36,1.90,13.158,0.27,35
,rccd090424.0037,543.29,544.06,1.81,13.468,0.38
,543.26,542.43,1.86,12.589,0.43,50
,rccd090424.0045,543.40,544.17,1.96,13.378,0.42
,545.54,542.21,1.84,13.538,0.22,25
,rccd090424.0053,544.47,543.94,1.89,13.358,0.24
,549.02,539.86,0.03,22.015,0.82,-21
,rccd090429.0056,544.56,544.07,1.83,12.259,0.19
,550.55,538.14,-1.04,24.014,0.84,-15
,rccd090502.0033,541.04,542.70,2.21,14.538,0.53
,544.53,542.46,2.13,12.499,0.64,49
,rccd090504.0031,530.67,545.00,3.50,1.603,0.92
,556.76,535.15,-1.25,10.059,0.27,22
,rccd090507.0047,546.74,541.09,-0.28,28.014,0.88
,560.07,535.32,-1.29,5.104,0.26,-85
,rccd090510.0019,542.58,543.50,2.10,12.758,0.65
,545.00,542.32,1.94,12.878,0.37,44
,rccd090513.0037,545.05,543.24,1.57,14.818,0.33
,556.77,535.30,-1.25,9.649,0.25,16
,rccd090515.0027,543.47,543.87,2.03,13.638,0.50
,544.70,542.19,2.05,12.908,0.47,43
,rccd090516.0027,541.18,542.19,2.31,14.698,0.65
,544.64,542.38,2.25,12.499,0.69,51
,rccd090518.0030,544.56,543.93,1.74,13.668,0.18
,549.53,539.32,-0.34,22.015,0.83,-19
,rccd090521.0021,542.76,544.21,1.99,13.338,0.45
,544.78,542.51,2.00,12.669,0.39,39
,rccd090523.0020,544.32,540.05,1.64,19.035,0.02
,553.20,535.24,-1.05,17.118,0.78,2
,rccd090604.0014,546.28,541.76,0.94,24.014,0.67
,555.20,535.29,-1.21,13.308,0.47,6
,rccd090605.0013,545.35,543.75,1.47,9.299,0.36
,554.29,535.30,-1.22,15.188,0.61,4
,rccd090607.0020,546.88,539.17,-0.10,26.014,0.78
,557.24,535.29,-1.25,9.119,0.17,29
,rccd090610.0024,543.98,544.52,1.94,11.319,0.38
,547.85,541.26,1.15,22.015,0.64,-20
,rccd090612.0025,544.66,543.72,1.81,13.768,0.21
,551.29,538.07,-0.92,22.015,0.82,-16
,rccd090613.0008,543.49,544.06,2.02,13.558,0.40
,546.95,541.61,1.66,20.015,0.36,-15
,rccd110331.0053,544.62,543.70,1.90,14.208,0.22
,551.19,537.90,-0.04,18.015,0.82,-17
,rccd110402.0055,543.05,544.20,2.22,13.228,0.43
,548.53,541.39,1.73,18.015,0.55,-27
,rccd110407.0067,544.19,544.12,2.05,12.609,0.26
,549.02,540.33,0.35,22.015,0.81,-23
,rccd110417.0043,543.47,543.04,2.08,12.429,0.16
,550.47,538.05,-0.53,22.015,0.87,-16
,rccd110421.0052,549.57,535.46,-0.94,26.254,0.76
,556.74,535.30,-0.99,10.319,0.22,13
,rccd110424.0044,541.72,542.38,2.38,14.268,0.72
,544.85,542.68,2.33,12.219,0.70,51
,rccd110507.0039,543.52,544.07,3.00,11.839,0.39
,560.06,535.45,-0.29,3.972,0.27,-2
,rccd110510.0056,547.10,538.84,-0.45,28.014,0.86
,557.95,535.29,-1.06,6.568,0.15,44
,rccd110514.0042,555.30,535.34,-1.05,13.488,0.42
,560.10,535.41,-1.16,3.232,0.17,-6
,rccd110516.0039,541.26,542.43,2.46,16.008,0.66
,549.02,539.53,1.36,17.008,0.63,-24
,rccd110519.0012,546.82,539.79,0.30,26.014,0.79
,555.64,535.30,-0.99,12.689,0.43,8
,rccd110524.0029,544.61,543.12,1.90,13.958,0.27
,554.01,535.28,-0.93,16.298,0.67,3
,rccd110602.0063,544.70,543.82,1.93,14.298,0.22
,555.50,535.39,-0.95,13.388,0.50,4
,rccd110611.0012,542.60,544.68,2.25,15.378,0.27
,558.05,535.32,-1.04,6.764,0.13,48
,rccd110625.0030,548.65,536.26,-0.89,28.014,0.84
,556.96,535.31,-1.06,9.729,0.24,17
,rccd110628.0012,548.22,536.46,-0.70,28.014,0.82
,558.19,535.31,-1.04,7.020,0.11,47
,rccd110702.0017,551.22,535.36,-1.08,23.494,0.66
,560.12,535.36,-1.06,5.284,0.12,87
,rccd110706.0044,553.27,535.37,-0.97,19.915,0.53
,560.11,535.38,-0.95,5.772,0.07,83
,rccd110713.0028,550.70,535.40,-1.01,24.554,0.71
,558.65,535.36,-1.01,6.744,0.08,59
,rccd110719.0010,549.10,535.47,-0.86,28.014,0.82
,558.20,535.31,-1.00,7.212,0.13,44
,rccd110722.0001,551.48,535.26,-1.06,22.374,0.67
,560.08,535.27,-1.05,5.132,0.11,79
,rccd110724.0001,555.76,535.33,-1.08,13.038,0.30
,560.05,535.35,-1.05,5.832,0.08,-56
,rccd110727.0020,547.73,537.34,0.41,26.014,0.81
,558.85,535.34,-0.21,6.064,0.12,63
,rccd120420.0049,543.52,544.31,2.31,13.718,0.35
,548.20,540.71,1.35,20.015,0.68,-22
,rccd120423.0051,548.13,536.84,-0.58,28.014,0.81
,558.13,535.21,-0.95,6.992,0.09,51
,rccd120430.0032,541.01,543.10,2.41,15.138,0.45
,548.91,540.81,1.55,18.015,0.64,-25
,rccd120503.0012,544.92,544.24,2.41,9.719,0.22
,549.54,539.46,0.86,20.015,0.80,-21
,rccd120506.0044,543.58,544.30,2.42,13.338,0.50
,549.42,539.01,0.71,20.015,0.75,-20
,rccd120509.0024,542.28,543.62,2.40,13.078,0.60
,547.31,541.65,2.00,20.015,0.33,-19
,rccd120512.0038,543.44,544.29,2.31,13.888,0.39
,547.89,541.09,1.55,20.015,0.59,-24
,rccd120513.0039,543.52,544.10,2.28,14.018,0.33
,549.07,539.70,0.41,22.015,0.81,-22
,rccd120516.0044,543.61,544.23,2.38,13.648,0.38
,548.71,540.46,1.20,20.015,0.70,-24
,rccd120519.0034,540.11,542.00,2.56,10.289,0.43
,544.96,542.48,2.41,12.099,0.59,52
,rccd120522.0046,545.77,542.90,1.44,24.014,0.55
,557.29,535.22,-0.94,9.139,0.18,18
,rccd120530.0037,547.09,540.66,0.29,26.014,0.84
,556.77,535.22,-0.93,9.809,0.27,14
,rccd120601.0019,542.37,545.52,2.06,10.209,0.03
,542.30,544.73,2.14,11.539,0.14,77
,rccd120604.0033,543.60,544.68,2.30,13.698,0.32
,546.09,542.33,2.00,14.828,0.42,-18
,rccd120607.0010,545.16,543.22,1.94,14.138,0.38
,556.95,535.22,-0.93,9.559,0.22,15
,rccd120613.0033,544.12,543.88,2.17,13.658,0.12
,557.97,535.17,-0.92,5.988,0.17,37
,rccd120615.0017,553.47,535.23,-1.02,19.035,0.50
,560.09,535.25,-0.99,5.472,0.08,-80
,rccd120621.0029,545.91,542.99,1.65,15.028,0.46
,552.25,536.72,-0.91,20.375,0.79,-9
,rccd120624.0013,544.88,543.79,1.92,12.469,0.19
,551.93,538.25,-0.91,21.415,0.81,-19
,rccd120701.0023,542.87,544.11,2.38,13.958,0.26
,551.29,537.41,-0.67,22.015,0.83,-13
,rccd120706.0024,551.17,535.33,-0.95,23.974,0.67
,560.13,535.33,-0.97,5.524,0.07,-79
,rccd120712.0019,548.15,536.21,-0.56,28.014,0.84
,557.38,535.25,-0.89,9.199,0.19,21
,rccd120715.0025,548.09,536.70,-0.61,28.014,0.84
,557.53,535.24,-0.95,8.649,0.16,25
,rccd120718.0013,557.55,535.32,-0.99,8.829,0.17
,560.09,535.34,-0.96,6.380,0.08,-44
,rccd120721.0036,550.94,535.32,-0.58,23.854,0.70
,559.69,535.27,-0.60,5.188,0.09,83
,rccd121218.0102,556.10,535.25,0.91,11.509,0.29
,554.77,535.20,1.03,14.338,0.55,5
,rccd121221.0111,547.21,539.83,0.08,26.014,0.87
,553.24,535.31,-0.84,16.728,0.71,1
,rccd121223.0128,541.51,542.85,2.44,13.708,0.56
,544.54,542.45,2.45,12.189,0.53,51
,rccd121229.0122,545.17,542.89,1.88,13.838,0.36
,551.13,537.64,-0.56,22.015,0.84,-14
,rccd130101.0105,540.58,540.81,2.80,7.032,0.64
,544.76,542.56,2.46,12.499,0.60,55
,rccd130105.0093,547.11,538.59,0.10,26.014,0.82
,557.48,535.20,-0.85,7.980,0.14,30
,rccd130108.0104,544.88,543.09,1.97,13.968,0.35
,556.89,535.22,-0.85,9.349,0.25,16
,rccd130113.0115,542.08,543.36,2.57,13.498,0.58
,549.32,538.56,0.79,20.015,0.78,-17
,rccd130116.0235,537.83,541.03,3.31,11.809,0.70
,544.74,542.93,2.80,12.249,0.77,54
,rccd130119.0113,532.44,545.74,6.28,2.232,1.00
,545.21,542.60,4.48,13.288,0.79,52
,rccd130122.0111,542.60,543.94,2.42,13.148,0.52
,544.90,542.42,2.29,12.729,0.37,43
,rccd130125.0116,543.38,544.08,2.36,13.488,0.49
,546.29,541.58,2.12,14.748,0.24,-4
,rccd130128.0087,546.75,539.63,-0.04,28.014,0.85
,552.62,535.17,-0.76,19.235,0.78,1
,rccd130209.0034,544.01,543.97,2.30,13.588,0.29
,548.77,539.29,0.37,22.015,0.84,-21
,rccd130212.0043,537.60,540.85,2.95,12.379,0.71
,544.86,542.41,2.46,12.309,0.58,53
,rccd130215.0063,539.55,541.71,2.65,10.569,0.22
,545.11,542.45,2.36,12.689,0.49,48
,rccd130219.0068,544.41,544.03,2.21,13.158,0.16
,549.51,538.83,0.49,20.015,0.80,-20
,rccd130301.0077,544.33,543.72,2.12,14.318,0.20
,555.49,535.18,-0.86,12.988,0.47,6
,rccd130305.0038,548.77,536.24,-0.64,28.014,0.80
,559.40,535.23,-0.90,4.964,0.12,80
,rccd130311.0066,532.21,545.76,3.73,2.678,0.96
,545.18,542.26,2.53,12.499,0.56,51
,rccd130315.0077,544.24,544.00,2.19,13.598,0.16
,549.55,539.12,-0.01,22.015,0.85,-20
,rccd130318.0004,543.38,544.29,2.33,13.718,0.38
,547.33,540.83,1.82,20.015,0.48,-20
,rccd130322.0067,542.31,543.54,2.47,13.108,0.55
,548.27,541.16,1.97,18.015,0.54,-25
,rccd130325.0078,542.73,543.90,2.40,13.078,0.60
,546.03,542.43,2.29,14.468,0.25,27
,rccd130328.0061,542.70,543.76,2.47,13.288,0.57
,552.75,535.66,-0.64,18.115,0.83,-3
,rccd130330.0005,532.40,544.98,5.41,2.500,0.00
,534.63,537.38,3.53,6.796,0.27,41
,rccd130402.0047,546.79,539.06,-0.39,30.013,0.87
,558.73,535.19,-0.90,5.160,0.16,71
,rccd130410.0076,545.81,542.17,1.34,24.014,0.59
,554.99,535.21,-0.78,14.638,0.53,2
,rccd130413.0044,541.98,544.57,2.47,6.668,0.38
,543.65,543.62,2.41,11.319,0.54,54
,rccd130416.0048,542.67,543.96,2.43,13.508,0.41
,548.86,541.08,1.92,17.008,0.53,-28
,rccd130419.0059,543.73,544.09,2.34,14.278,0.22
,553.60,535.37,-0.70,17.008,0.71,0
,rccd130427.0056,560.02,535.56,-0.99,6.564,0.16
,560.05,535.35,-0.89,6.480,0.18,-34
,rccd130501.0051,537.95,542.83,4.77,6.928,0.79
,560.03,535.36,0.52,4.304,0.22,-11
,rccd130501.0052,537.95,542.83,4.77,6.928,0.79
,560.03,535.36,0.52,4.304,0.22,-11
,rccd130505.0049,544.41,541.38,1.70,14.508,0.48
,555.50,535.22,-0.88,12.858,0.51,6
,rccd130510.0036,544.82,543.15,1.99,14.118,0.30
,555.18,535.16,-0.83,14.088,0.52,5
,rccd130515.0014,541.47,541.75,2.54,15.218,0.70
,548.83,539.52,1.58,17.008,0.62,-23
,rccd130520.0010,548.16,536.51,-0.50,28.014,0.82
,558.06,535.23,-0.89,6.872,0.10,48
,rccd130523.0048,542.16,543.40,2.53,13.978,0.55
,554.55,535.22,-0.81,15.188,0.67,2
,rccd130529.0010,540.68,541.25,2.64,8.969,0.58
,546.33,542.28,2.35,14.478,0.25,30
,rccd130602.0024,541.10,542.19,2.60,16.008,0.56
,550.60,538.48,0.96,17.008,0.74,-19
,rccd130604.0014,544.45,543.36,2.10,13.648,0.18
,550.34,538.17,0.08,20.015,0.82,-15
,rccd130608.0009,542.10,543.12,2.44,13.418,0.60
,550.53,538.33,0.18,20.015,0.82,-18
,rccd130611.0009,543.55,543.57,2.23,13.138,0.28
,554.12,535.31,-0.79,15.998,0.65,1
,rccd130614.0005,543.67,543.31,2.33,12.798,0.27
,553.10,535.43,-0.74,17.618,0.79,-1
,rccd130621.0005,547.62,536.70,-0.23,26.014,0.79
,558.35,535.27,-0.88,7.188,0.07,55
,rccd130624.0016,554.23,535.30,-0.82,16.738,0.41
,560.09,535.31,-0.80,5.264,0.08,-77
,rccd130629.0011,547.33,536.41,-0.15,26.014,0.82
,560.13,535.24,-0.90,5.048,0.08,-85
,rccd130702.0009,545.97,542.34,1.34,24.014,0.60
,554.81,535.27,-0.81,14.528,0.58,3
,rccd130707.0002,547.50,536.24,-0.23,26.014,0.82
,558.74,535.23,-0.88,5.632,0.09,65
,rccd130712.0021,548.44,535.48,-0.66,28.014,0.84
,551.45,535.81,-0.01,18.015,0.80,-3
,rccd130715.0006,543.91,543.95,2.32,13.238,0.14
,552.95,535.33,-0.52,18.015,0.81,0
,rccd130801.0005,550.72,535.30,-0.84,24.234,0.72
,560.13,535.27,-0.86,4.944,0.09,-88
,rccd131113.0116,546.23,541.64,1.49,26.014,0.72
,554.55,535.21,-0.42,14.498,0.61,4
,rccd131121.0069,543.46,543.90,2.51,13.108,0.63
,545.61,542.15,2.41,12.878,0.22,24
,rccd131124.0089,548.27,535.56,0.27,28.014,0.84
,554.95,535.18,0.09,14.558,0.56,4
,rccd131201.0093,545.60,543.20,1.85,14.648,0.51
,552.93,535.32,-0.66,18.755,0.75,0
,rccd131205.0066,546.10,541.43,1.48,24.014,0.73
,554.53,535.29,-0.68,15.188,0.62,2
,rccd131214.0087,547.41,539.00,-0.17,28.014,0.85
,551.19,537.68,-0.30,22.015,0.82,-15
,rccd131218.0037,541.87,543.77,2.70,13.458,0.53
,549.48,540.07,1.59,18.015,0.70,-27
,rccd131221.0103,545.53,541.92,1.76,14.398,0.57
,551.48,537.43,-0.38,22.015,0.84,-14
,rccd131226.0095,543.46,544.22,2.54,13.958,0.46
,548.88,540.65,1.55,20.015,0.68,-24
,rccd131229.0072,543.49,544.17,2.54,13.488,0.34
,549.07,539.31,0.62,22.015,0.78,-20
,rccd140101.0094,537.12,542.59,3.17,15.008,0.70
,545.63,542.14,2.75,13.248,0.44,51
,rccd140104.0066,531.46,545.99,4.19,2.318,0.98
,545.48,542.30,2.60,12.928,0.35,50
,rccd140107.0083,541.65,542.88,2.62,14.448,0.50
,551.68,538.26,-0.15,20.015,0.83,-19
,rccd140113.0104,541.79,543.61,2.73,13.658,0.54
,546.21,542.33,2.63,15.218,0.32,42
,rccd140115.0086,546.18,540.33,1.18,24.014,0.70
,557.56,535.21,-0.65,8.659,0.14,29
,rccd140119.0099,543.05,544.33,2.74,13.168,0.45
,546.74,541.67,2.45,17.008,0.18,-10
,rccd140122.0068,543.94,543.81,3.07,13.868,0.24
,557.17,535.16,-0.14,7.708,0.22,21
,rccd140125.0083,547.29,537.43,0.14,26.014,0.84
,555.90,535.17,-0.60,12.199,0.38,9
,rccd140129.0061,544.27,544.17,2.56,12.169,0.13
,549.99,539.18,0.17,22.015,0.83,-20
,rccd140205.0059,538.95,541.25,2.84,10.029,0.34
,549.88,539.53,1.38,18.015,0.72,-24
,rccd140210.0057,543.62,543.92,2.55,14.148,0.22
,554.92,535.11,-0.59,14.288,0.55,5
,rccd140214.0071,551.55,535.24,-0.65,22.634,0.62
,559.92,535.27,-0.65,5.300,0.14,87
,rccd140219.0050,543.27,543.73,2.75,13.628,0.43
,551.07,536.86,-0.13,22.015,0.84,-12
,rccd140222.0064,542.05,543.70,2.72,13.188,0.39
,548.46,541.16,2.07,18.015,0.55,-26
,rccd140224.0054,549.78,535.15,-0.59,26.854,0.77
,560.12,535.16,-0.69,5.724,0.03,-44
,rccd140226.0040,531.42,545.99,4.02,2.322,0.98
,544.83,543.15,2.73,12.129,0.84,54
,rccd140301.0060,546.89,537.76,0.26,26.014,0.74
,558.13,535.22,-0.80,9.209,0.11,54
,rccd140304.0065,537.47,540.69,3.26,11.559,0.76
,544.50,542.27,2.66,11.939,0.73,54
,rccd140307.0065,548.12,537.50,-0.43,28.014,0.84
,557.39,535.20,-0.80,9.029,0.16,24
,rccd140310.0041,544.96,543.52,2.14,13.948,0.30
,554.66,535.14,-0.73,14.788,0.59,4
,rccd140314.0069,546.93,539.25,0.33,26.014,0.81
,555.91,535.18,-0.74,12.269,0.38,9
,rccd140318.0035,543.50,543.24,2.43,13.128,0.28
,552.82,535.20,-0.65,18.595,0.78,0
,rccd140321.0061,537.08,542.83,2.96,15.008,0.72
,545.82,541.51,2.50,14.108,0.14,59
,rccd140324.0070,541.33,541.68,2.66,16.008,0.59
,551.55,536.44,0.32,17.008,0.74,-7
,rccd140328.0070,543.57,543.97,2.36,14.038,0.23
,554.41,535.23,-0.67,15.708,0.64,1
,rccd140331.0046,554.44,535.29,-0.85,16.508,0.38
,559.76,535.27,-0.80,6.080,0.13,80
,rccd140403.0054,538.88,540.59,3.62,6.188,0.76
,560.14,535.22,-0.75,3.504,0.19,-37
,rccd140406.0027,557.87,535.43,-0.87,9.399,0.09
,560.02,535.67,-0.95,6.764,0.14,-16
,rccd140409.0025,542.87,543.91,2.51,13.918,0.37
,552.59,535.49,-0.55,20.015,0.80,-2
,rccd140412.0043,531.40,545.49,3.99,2.406,0.52
,544.43,542.94,2.68,11.839,0.88,55
,rccd140415.0041,542.06,543.72,2.48,13.578,0.57
,547.04,542.57,2.38,9.589,0.15,32
,rccd140419.0062,541.01,542.55,2.59,15.718,0.49
,549.10,539.20,1.55,17.008,0.62,-22
,rccd140423.0036,540.50,541.84,2.61,11.539,0.46
,551.13,538.12,0.29,18.015,0.83,-19
,rccd140525.0015,548.91,536.81,-0.51,28.014,0.79
,560.21,535.22,-0.71,5.604,0.22,82
,rccd140531.0018,545.57,542.19,1.62,22.015,0.56
,555.56,535.14,-0.75,13.498,0.42,6
,rccd140613.0007,556.86,535.38,-0.84,11.519,0.15
,560.13,535.35,-0.81,5.412,0.10,-67
,rccd140616.0020,540.68,542.14,2.69,15.928,0.50
,549.19,539.86,1.58,17.008,0.62,-25
,rccd140702.0023,539.32,542.11,4.25,0.905,0.48
,554.40,535.25,0.70,15.108,0.68,1
,rccd140717.0024,545.95,542.43,1.55,24.014,0.61
,556.80,535.23,-0.75,10.059,0.29,14
,rccd141217.0078,542.42,543.64,2.64,13.218,0.54
,549.20,539.17,1.00,20.015,0.78,-19
,rccd141220.0096,548.48,536.02,-0.44,28.014,0.81
,559.52,535.29,-0.71,5.792,0.14,69
,rccd141222.0086,543.55,544.04,2.51,13.738,0.28
,552.61,535.82,-0.44,20.015,0.84,-4
,rccd141225.0102,542.34,543.63,2.69,13.218,0.57
,548.06,540.71,2.12,18.015,0.45,-23
,rccd141228.0100,541.39,542.84,2.56,14.128,0.48
,545.17,542.00,2.45,13.148,0.28,46
,rccd150103.0037,545.32,542.25,1.77,14.308,0.60
,549.37,538.81,-0.08,24.014,0.85,-18
,rccd150108.0075,537.14,541.38,2.92,4.224,0.75
,544.41,542.63,2.61,12.169,0.76,52
,rccd150111.0063,539.68,540.36,3.04,7.464,0.41
,545.67,542.44,2.47,13.968,0.38,42
,rccd150114.0064,540.54,541.46,2.79,9.639,0.55
,545.34,541.74,2.44,13.238,0.21,41
,rccd150117.0151,531.80,545.63,4.03,2.300,0.93
,544.68,542.97,2.72,12.009,0.74,54
,rccd150125.0076,540.99,542.62,2.72,15.118,0.55
,545.43,542.35,2.71,12.858,0.52,48
,rccd150129.0069,531.73,545.93,3.96,2.250,0.98
,544.62,542.74,2.70,12.009,0.73,54
,rccd150202.0058,542.01,543.87,2.59,13.858,0.49
,549.77,538.71,1.09,18.015,0.78,-21
,rccd150205.0048,542.10,543.86,2.68,13.678,0.54
,549.88,537.87,1.03,18.015,0.77,-12
,rccd150208.0053,543.55,544.13,2.55,13.798,0.32
,549.07,539.38,0.98,20.015,0.77,-20
,rccd150211.0045,541.24,542.63,2.72,14.858,0.59
,548.21,541.16,2.12,18.015,0.50,-25
,rccd150215.0054,532.02,545.86,4.12,2.410,0.97
,544.62,542.79,2.64,12.299,0.71,54
,rccd150218.0050,541.38,542.93,2.70,14.498,0.55
,548.16,540.91,1.68,20.015,0.65,-24
,rccd150222.0040,546.86,539.46,0.85,24.014,0.75
,557.82,535.24,-0.65,9.169,0.13,48
,rccd150226.0049,551.71,535.15,-0.76,22.115,0.65
,558.82,535.23,-0.73,6.688,0.15,65
,rccd150302.0058,542.69,543.74,2.64,13.228,0.63
,550.35,538.09,0.50,20.015,0.81,-18
,rccd150312.0049,542.81,544.07,2.58,13.698,0.47
,550.09,538.42,0.98,18.015,0.79,-18
,rccd150316.0060,543.14,543.95,3.79,12.998,0.52
,554.45,535.13,0.34,15.358,0.62,3
,rccd150321.0045,545.18,542.80,2.42,16.458,0.37
,555.53,535.01,-0.33,13.508,0.45,10
,rccd150330.0038,551.44,535.16,-0.70,23.094,0.65
,560.16,535.27,-0.72,5.760,0.11,-86
,rccd150402.0042,546.47,541.07,1.36,24.014,0.66
,560.04,535.40,-0.81,4.960,0.13,-18
,rccd150412.0049,544.87,543.41,2.15,13.998,0.25
,545.01,541.95,2.70,13.658,0.51,53
,rccd150413.0048,544.71,542.94,3.65,14.278,0.25
,554.01,535.25,0.94,15.978,0.68,2
,rccd150416.0060,543.65,543.74,2.45,13.598,0.29
,554.35,535.23,-0.61,15.508,0.66,1
,rccd150422.0036,537.50,540.72,3.35,11.949,0.75
,544.72,542.36,2.93,12.249,0.75,56
,rccd150426.0072,547.29,537.20,0.05,26.014,0.84
,558.02,535.15,-0.70,6.356,0.12,47
,rccd90531.0044_,545.68,542.24,1.73,14.048,0.60
,552.94,535.41,-0.81,17.798,0.74,0
,,,,,,
,Average,star,@,(542.01,,543.85):,FWHM=32.01,
,Average,star,@,(544.23,,542.73):,FWHM=26.01,
,,,,,,
,Average,full,width,at,half,maximum
