,b,cb,ci,cr,cv,date,i,r,star,v,xb,xi,xr,xv
0,2.167,2.193,3.631,2.865,2.65,80713,3.644,2.868,pg1657,2.641,-0.12,-0.066,-0.06,0.007
1,2.209,2.271,3.652,2.963,2.774,80714,3.644,2.947,pg1657,2.687,-0.151,-0.059,-0.319,-0.167
2,2.138,2.173,3.627,2.888,2.675,80715,3.622,2.898,pg1657,2.674,-0.153,-0.08,-0.022,-0.01
3,2.488,2.495,3.826,3.056,2.909,60109,3.791,3.063,RU149,2.91,-0.072,0.144,-0.016,0.03
4,3.091,3.09,4.601,3.409,3.592,60110,4.58,3.417,RU149,3.587,-0.102,0.117,-0.017,0.016
5,2.438,2.442,3.827,3.041,2.862,60111,3.786,3.046,RU149,2.862,-0.088,0.102,-0.006,0.015
6,2.434,2.446,3.803,3.047,2.878,60112,3.784,3.051,RU149,2.888,-0.05,0.084,-0.028,0.047
7,2.485,2.476,3.836,3.082,2.899,60113,3.798,3.08,RU149,2.897,-0.071,0.083,0.054,0.031
8,2.487,2.48,3.834,3.063,2.891,60114,3.812,3.072,RU149,2.898,-0.101,0.073,0.02,0.038
9,2.438,2.456,3.794,3.039,2.856,60115,3.798,3.032,RU149,2.856,-0.142,0.005,-0.054,0.015
10,2.483,2.485,3.842,3.087,2.916,60116,3.824,3.083,RU149,2.921,-0.095,0.026,0.013,0.012
11,2.498,2.509,3.883,3.111,2.925,60117,3.867,3.121,RU149,2.928,-0.071,0.016,0.007,0.016
12,2.532,2.529,3.886,3.107,2.934,60118,3.842,3.112,RU149,2.936,-0.074,0.094,0.009,0.041
13,2.727,,,,,60121,4.154,3.215,RU149,3.246,,,,
14,2.557,2.561,3.899,3.123,2.965,60122,3.877,3.128,RU149,2.967,-0.079,0.085,0.002,0.03
15,2.464,2.481,3.824,3.066,2.898,60123,3.805,3.061,RU149,2.899,-0.101,0.084,-0.023,0.02
16,2.455,2.455,3.81,3.033,2.872,60124,3.781,3.049,RU149,2.874,-0.085,0.075,-0.015,0.038
17,2.494,2.497,3.852,3.071,2.91,60125,3.829,3.073,RU149,2.908,-0.097,0.072,-0.004,0.03
18,2.505,2.503,3.858,3.086,2.919,60126,3.833,3.088,RU149,2.918,-0.066,0.054,0.002,0.05
19,2.554,2.558,3.766,3.107,2.958,60129,3.847,3.107,RU149,2.961,-0.079,-0.05,0.008,0.029
20,2.512,2.514,3.879,3.11,2.934,60130,3.858,3.096,RU149,2.936,-0.054,0.054,0.036,0.052
21,2.455,2.453,3.815,3.054,2.871,60204,3.783,3.051,RU149,2.878,-0.078,0.081,-0.032,0.061
22,2.493,2.498,3.855,3.079,2.885,60205,3.833,3.075,RU149,2.922,-0.083,0.1,0.023,-0.013
23,2.509,2.512,3.851,3.091,2.933,60206,3.813,3.104,RU149,2.924,-0.092,0.089,-0.028,-0.006
24,2.483,2.482,3.816,3.067,2.886,60208,3.793,3.07,RU149,2.885,-0.081,0.066,-0.012,0.029
25,2.49,2.501,3.83,3.062,2.913,60209,3.825,3.068,RU149,2.918,-0.081,0.03,-0.045,0.008
26,2.519,2.521,3.882,3.088,2.922,60210,3.842,3.097,RU149,2.923,-0.064,0.097,0.022,-0.013
27,2.508,2.511,3.872,3.087,2.935,60211,3.836,3.094,RU149,2.932,-0.061,0.112,0.016,0.016
28,2.622,2.623,3.954,3.162,2.996,60215,3.937,3.161,RU149,3.001,-0.077,0.112,0.039,0.024
29,2.534,2.538,3.888,3.106,2.947,60218,3.86,3.11,RU149,2.946,-0.086,0.067,-0.012,0.011
30,2.48,2.483,3.833,3.073,2.919,60219,3.815,3.077,RU149,2.921,-0.069,0.071,-0.013,0.014
31,2.449,2.456,3.826,3.046,2.884,60220,3.784,3.051,RU149,2.88,-0.088,0.092,-0.012,0.008
32,2.458,2.495,3.828,3.05,2.896,60302,3.813,3.057,PG1047,2.907,-0.114,0.043,-0.053,-0.023
33,2.459,2.494,3.828,3.054,2.892,60303,3.821,3.068,PG1047,2.896,-0.158,0.016,-0.031,-0.006
34,2.489,2.52,3.845,3.066,2.93,60304,3.847,3.074,PG1047,2.931,-0.146,-0.002,-0.061,-0.022
35,2.454,2.492,3.787,3.049,2.903,60305,3.81,3.058,PG1047,2.901,-0.122,-0.023,-0.052,-0.021
36,2.455,2.502,3.815,3.046,2.907,60306,3.805,3.059,PG1047,2.911,-0.134,0.029,-0.072,-0.007
37,2.463,2.51,3.841,3.051,2.923,60307,3.84,3.069,PG1047,2.916,-0.13,0.014,-0.095,-0.049
38,2.453,2.496,3.82,3.046,2.903,60309,3.813,3.059,PG1047,2.906,-0.143,0.007,-0.071,-0.015
39,2.478,2.524,3.837,3.092,2.936,60310,3.856,3.095,PG1047,2.938,-0.13,-0.017,-0.066,-0.023
40,2.474,2.483,3.849,3.064,2.936,60311,3.845,3.094,PG1047,2.928,-0.144,0.057,-0.051,-0.026
41,2.507,2.524,3.919,3.081,2.956,60312,3.906,3.127,PG1047,2.964,-0.229,0.134,-0.058,-0.012
42,2.538,2.548,3.847,3.101,2.926,60313,3.781,3.115,PG1047,2.916,-0.08,0.073,-0.033,-0.163
43,2.508,2.519,3.864,3.083,2.951,60314,3.875,3.098,PG1047,2.931,-0.119,-0.01,-0.011,-0.079
44,2.498,2.531,3.848,3.064,2.904,60315,3.831,3.068,PG1047,2.912,-0.118,0.03,-0.003,0.041
45,2.488,2.515,3.856,3.085,2.941,60316,3.849,3.092,PG1047,2.941,-0.102,0.048,-0.057,0.007
46,2.464,2.501,3.827,3.075,2.915,60317,3.855,3.085,PG1047,2.909,-0.125,-0.024,-0.043,-0.023
47,2.472,2.5,3.848,3.08,2.91,60318,3.842,3.091,PG1047,2.917,-0.132,0.015,-0.05,-0.018
48,2.484,2.519,3.85,3.077,2.933,60319,3.846,3.092,PG1047,2.93,-0.129,0.005,-0.085,-0.035
49,2.475,2.502,3.85,3.079,2.932,60320,3.847,3.083,PG1047,2.932,-0.128,0.048,-0.042,-0.044
50,2.502,2.537,3.858,3.082,2.944,60321,3.858,3.086,PG1047,2.945,-0.133,0.0,-0.062,-0.015
51,2.517,2.54,3.879,3.099,2.963,60322,3.87,3.105,PG1047,2.964,-0.131,0.024,-0.049,-0.025
52,2.497,2.537,3.861,3.1,2.958,60323,3.857,3.107,PG1047,2.958,-0.129,0.035,-0.052,-0.032
53,2.477,2.52,3.85,3.076,2.942,60324,3.838,3.1,PG1047,2.943,-0.123,0.01,-0.053,-0.002
54,2.477,2.505,3.82,3.005,2.911,60325,3.814,3.045,PG1047,2.914,-0.103,0.006,-0.102,-0.008
55,2.467,2.504,3.848,3.081,2.933,60326,3.841,3.086,PG1047,2.932,-0.106,0.038,-0.022,-0.027
56,2.47,2.514,3.853,3.082,2.929,60327,3.853,3.087,PG1047,2.927,-0.165,0.0,-0.068,-0.027
57,2.494,2.0,3.87,3.102,2.938,60328,3.859,3.11,PG1047,2.93,-0.111,0.039,-0.042,-0.033
58,2.494,2.524,3.856,3.074,2.951,60407,3.844,3.103,PG1047,2.95,-0.144,0.017,-0.071,-0.01
59,2.449,2.493,3.829,3.063,2.895,60408,3.824,3.069,PG1047,2.9,-0.112,0.014,-0.033,-0.03
60,2.536,2.558,3.896,3.088,2.979,60409,3.853,3.132,PG1047,2.985,-0.14,0.179,-0.073,-0.016
61,2.528,2.531,3.853,3.109,2.956,60410,3.906,3.132,PG1047,2.941,-0.165,-0.072,-0.046,-0.041
62,2.525,2.542,3.804,3.068,2.982,60411,3.902,3.145,PG1047,2.98,-0.104,-0.096,-0.084,0.004
63,2.556,2.603,3.909,3.147,3.007,60413,3.898,3.17,PG1047,3.018,-0.146,0.017,-0.043,-0.024
64,2.523,2.556,3.866,3.094,2.962,60415,3.864,3.104,PG1047,2.963,-0.142,-0.02,-0.069,-0.041
65,2.51,2.553,3.866,3.128,2.971,60416,3.869,3.132,PG1047,2.97,-0.133,-0.002,-0.037,-0.03
66,2.474,2.523,3.863,3.093,2.952,60417,3.85,3.111,PG1047,2.958,-0.143,0.03,-0.06,-0.037
67,2.508,2.544,3.889,3.102,2.958,60419,3.886,3.105,PG1047,2.955,-0.113,0.018,-0.056,0.015
68,2.483,2.523,3.857,3.089,2.944,60421,3.835,3.095,PG1047,2.949,-0.12,0.052,-0.071,-0.021
69,2.513,2.554,3.877,3.112,2.976,60423,3.877,3.122,PG1047,2.978,-0.142,0.033,-0.069,-0.027
70,2.562,2.593,3.888,3.128,3.007,60424,3.889,3.143,PG1047,3.009,-0.154,-0.005,-0.063,-0.016
71,2.703,2.695,4.013,3.287,3.107,61106,4.03,3.295,TPhe,3.124,-0.069,0.059,-0.013,0.033
72,2.672,2.677,4.024,3.267,3.11,61107,4.025,3.269,TPhe,3.126,-0.096,0.03,-0.005,0.03
73,2.659,2.671,3.993,3.281,3.095,61108,4.033,3.284,TPhe,3.118,-0.083,0.079,-0.012,0.034
74,2.644,2.671,3.965,3.247,3.092,61109,4.035,3.251,TPhe,3.122,-0.08,0.159,0.018,0.041
75,2.703,2.707,3.963,3.269,3.11,61110,4.046,3.259,TPhe,3.129,-0.083,0.164,0.003,0.026
76,2.681,2.694,4.02,3.267,3.103,61111,4.056,3.272,TPhe,3.135,-0.077,0.07,-0.012,0.039
77,2.677,2.698,3.951,3.286,3.119,61112,3.969,3.284,TPhe,3.142,-0.077,0.12,-0.005,0.029
78,2.688,2.689,3.993,3.284,3.114,61113,4.045,3.289,TPhe,3.142,-0.06,0.102,-0.014,0.037
79,2.694,2.695,4.018,3.289,3.114,61114,4.012,3.287,TPhe,3.151,-0.078,0.016,-0.002,0.047
80,2.643,2.671,4.002,3.296,3.11,61115,4.007,3.305,TPhe,3.136,-0.062,0.062,-0.014,0.032
81,2.697,2.699,3.99,3.31,3.138,61116,4.074,3.297,TPhe,3.163,-0.062,0.158,0.001,0.032
82,2.659,2.682,4.004,3.297,3.111,61117,4.01,3.3,TPhe,3.137,-0.062,0.071,-0.013,0.04
83,2.679,2.684,4.014,3.274,3.099,61118,4.012,3.27,TPhe,3.129,-0.075,0.049,-0.005,0.038
84,2.637,2.686,3.981,3.286,3.113,61119,3.968,3.281,TPhe,3.127,-0.078,0.08,-0.001,0.028
85,2.676,2.688,4.008,3.273,3.123,61124,4.039,3.274,TPhe,3.149,-0.051,0.07,0.009,0.034
86,2.684,2.697,3.988,3.306,3.132,61125,4.016,3.307,TPhe,3.167,-0.055,0.106,-0.006,0.041
87,2.703,2.716,4.001,3.289,3.138,61126,4.052,3.285,TPhe,3.167,-0.06,0.114,-0.015,0.036
88,2.684,2.68,4.002,3.301,3.107,61127,4.071,3.3,TPhe,3.106,-0.015,0.144,0.007,0.041
89,2.745,2.741,4.039,3.313,3.148,61128,4.019,3.324,RU149,3.143,-0.066,0.088,-0.015,0.019
90,2.728,2.727,4.046,3.307,3.145,61129,4.035,3.308,RU149,3.136,-0.097,0.055,-0.004,0.023
91,2.783,2.784,4.106,3.384,3.215,70223,4.08,3.384,RU149,3.215,-0.067,0.074,-0.003,0.047
92,2.803,2.803,4.118,3.388,3.223,70224,4.103,3.38,RU149,3.221,-0.089,0.076,-0.009,0.046
93,2.813,2.812,4.134,3.393,3.223,70226,4.12,3.411,RU149,3.234,-0.04,0.041,-0.024,0.001
94,2.823,2.816,4.166,3.429,3.26,70227,4.135,3.421,RU149,3.264,-0.068,0.103,0.037,0.064
95,2.386,2.447,3.807,3.1,2.904,70714,3.831,3.1,PG1657,2.898,-0.188,0.173,-0.031,-0.013
96,2.183,2.186,3.596,2.844,2.617,80223,3.553,2.843,RU149,2.612,-0.081,0.089,0.008,0.009
97,2.184,2.183,3.601,2.859,2.625,80224,3.584,2.857,RU149,2.625,-0.065,0.042,0.01,0.039
98,2.194,2.22,3.589,2.897,2.649,81214,3.571,2.899,TPhe,2.663,-0.068,0.044,0.005,0.034
99,2.225,2.239,3.59,2.922,2.675,81215,3.64,2.918,TPhe,2.703,-0.069,0.133,0.001,0.034
100,2.224,2.233,3.613,2.907,2.637,81216,3.64,2.907,TPhe,2.656,-0.07,0.063,0.005,0.047
101,2.213,2.238,3.661,2.905,2.664,81217,3.662,2.913,TPhe,2.709,-0.055,0.004,0.032,0.055
102,2.217,2.242,3.605,2.934,2.67,81218,3.602,2.935,TPhe,2.689,-0.05,0.068,0.01,0.045
103,2.198,2.221,3.593,2.921,2.65,81219,3.56,2.927,TPhe,2.68,-0.043,0.06,0.019,0.058
104,2.195,2.226,3.563,2.914,2.666,81220,3.616,2.904,TPhe,2.692,-0.046,0.125,0.014,0.05
105,2.219,2.237,3.629,2.917,2.673,81224,3.638,2.907,TPhe,2.698,-0.051,0.045,0.012,0.039
106,2.221,2.219,3.594,2.913,2.66,81226,3.644,2.903,TPhe,2.69,-0.063,0.109,0.002,0.039
107,2.271,2.295,3.627,2.946,2.705,81227,3.614,2.945,TPhe,2.718,-0.084,0.071,-0.015,0.028
108,2.184,2.243,3.626,2.841,2.657,90108,3.616,2.921,PG1047,2.658,-0.149,0.029,-0.107,-0.004
109,2.209,2.235,3.605,2.865,2.656,90109,3.585,2.895,PG1047,2.661,-0.122,0.021,-0.102,-0.009
110,2.205,2.24,3.609,2.872,2.641,90110,3.598,2.907,PG1047,2.641,-0.105,0.024,-0.088,-0.028
111,0.0,,,,,90115,0.0,0.0,PG1047,2.658,,,,
112,0.0,,,,,90116,0.0,2.977,PG1047,0.0,,,,
113,0.0,,,,,90117,3.647,0.0,PG1047,0.0,,,,
114,2.243,,,,,90118,0.0,0.0,PG1047,0.0,,,,
115,0.0,,,,,90119,0.0,0.0,PG1047,2.76,,,,
116,0.0,,,,,90120,0.0,2.987,PG1047,0.0,,,,
117,2.27,,,,,90122,0.0,0.0,PG1047,0.0,,,,
118,0.0,,,,,90123,0.0,0.0,PG1047,2.708,,,,
119,0.0,,,,,90124,0.0,2.956,PG1047,0.0,,,,
120,0.0,,,,,90125,3.631,0.0,PG1047,0.0,,,,
121,2.216,,,,,90126,0.0,0.0,PG1047,0.0,,,,
122,0.0,,,,,90127,0.0,0.0,PG1047,2.634,,,,
123,0.0,,,,,90128,0.0,2.878,PG1047,0.0,,,,
124,0.0,,,,,90129,3.584,0.0,PG1047,0.0,,,,
125,2.192,,,,,90130,0.0,0.0,PG1047,0.0,,,,
126,0.0,,,,,90202,3.573,0.0,PG1047,0.0,,,,
127,2.2,,,,,90203,0.0,0.0,PG1047,0.0,,,,
128,0.0,,,,,90204,0.0,0.0,PG1047,2.692,,,,
129,0.0,,,,,90205,0.0,2.887,PG1047,0.0,,,,
130,0.0,,,,,90206,3.558,0.0,PG1047,0.0,,,,
131,2.2,,,,,90207,0.0,0.0,PG1047,0.0,,,,
132,0.0,,,,,90208,0.0,0.0,PG1047,2.627,,,,
133,2.182,,,,,90211,0.0,0.0,PG1047,0.0,,,,
134,0.0,,,,,90212,0.0,0.0,PG1047,2.663,,,,
135,0.0,,,,,90213,0.0,2.975,PG1047,0.0,,,,
136,0.0,,,,,90214,3.644,0.0,PG1047,0.0,,,,
137,2.233,,,,,90215,0.0,0.0,PG1047,0.0,,,,
138,0.0,,,,,90216,0.0,0.0,PG1047,2.716,,,,
139,2.32,2.353,3.673,2.961,2.705,90219,3.66,2.985,PG1047,2.711,-0.096,0.032,-0.052,-0.014
140,2.253,2.285,3.621,2.929,2.688,90220,3.612,2.933,PG1047,2.685,-0.127,0.022,-0.041,-0.01
141,2.206,2.244,3.584,2.896,2.659,90221,3.581,2.899,PG1047,2.661,-0.127,0.059,-0.046,0.012
142,2.223,2.258,3.616,2.923,2.679,90222,3.609,2.928,PG1047,2.68,-0.106,0.031,-0.068,0.021
143,2.222,2.251,3.613,2.91,2.671,90223,3.609,2.925,PG1047,2.668,-0.097,0.038,-0.057,0.011
144,2.22,2.251,3.613,2.914,2.672,90304,3.595,2.923,PG1047,2.674,-0.1,0.017,-0.06,-0.009
145,2.207,2.248,3.596,2.899,2.654,90305,3.586,2.911,PG1047,2.655,-0.128,0.022,-0.073,-0.002
146,2.228,2.247,3.62,2.901,2.671,90306,3.603,2.913,PG1047,2.674,-0.135,0.15,-0.084,-0.028
147,2.204,2.246,3.604,2.9,2.657,90307,3.591,2.919,PG1047,2.664,-0.126,0.03,-0.081,-0.016
148,2.23,2.242,3.587,2.929,2.699,90308,3.578,2.95,PG1047,2.689,-0.16,0.009,-0.052,0.018
149,2.226,2.245,3.595,2.905,2.662,90311,3.57,2.92,PG1047,2.663,-0.136,0.083,-0.096,-0.015
150,2.254,2.299,3.627,2.839,2.712,90312,3.635,2.945,PG1047,2.707,-0.134,-0.007,-0.119,-0.026
151,2.231,2.287,3.621,2.938,2.697,90313,3.625,2.956,PG1047,2.699,-0.171,-0.003,-0.046,-0.006
152,2.23,2.27,3.61,2.917,2.67,90314,3.593,2.927,PG1047,2.688,-0.144,0.018,-0.05,-0.074
153,2.232,2.273,3.644,2.93,2.675,90316,3.637,2.941,PG1047,2.69,-0.13,0.038,-0.043,-0.034
154,2.308,2.351,3.645,2.967,2.735,90317,3.658,2.982,PG1047,2.736,-0.123,-0.01,-0.013,-0.044
155,2.287,2.337,3.667,2.96,2.729,90319,3.662,2.968,PG1047,2.726,-0.139,0.014,-0.045,-0.026
156,2.293,2.32,3.655,2.97,2.721,90320,3.635,2.967,PG1047,2.728,-0.113,0.023,0.026,-0.013
157,2.269,2.305,3.649,2.953,2.721,90321,3.629,2.961,PG1047,2.72,-0.141,0.033,-0.065,-0.005
158,2.27,2.302,3.64,2.944,2.717,90322,3.644,2.96,PG1047,2.721,-0.152,-0.004,-0.053,-0.013
159,2.294,2.299,3.627,2.913,2.694,90323,3.647,2.969,PG1047,2.736,-0.137,0.024,-0.055,-0.024
160,2.27,2.312,3.649,2.957,2.714,90403,3.641,2.973,PG1047,2.722,-0.142,0.021,-0.055,-0.045
161,2.255,2.281,3.661,2.964,2.687,90404,3.654,2.974,PG1047,2.713,-0.168,0.046,-0.045,-0.053
162,2.26,2.29,3.639,2.87,2.703,90407,3.673,2.95,PG1047,2.705,-0.149,-0.029,-0.116,-0.004
163,2.273,2.285,3.672,2.954,2.731,90408,3.666,2.982,PG1047,2.714,-0.163,0.04,-0.053,-0.05
164,2.271,2.305,3.674,2.966,2.734,90409,3.66,2.997,PG1047,2.738,-0.174,0.26,-0.058,-0.02
165,2.277,2.314,3.636,2.91,2.714,90410,3.641,2.988,PG1047,2.703,-0.131,-0.004,-0.093,-0.041
166,2.27,2.317,3.66,2.958,2.728,90411,3.643,2.981,PG1047,2.723,-0.135,0.036,-0.077,-0.022
167,2.261,2.29,3.648,2.957,2.705,90412,3.631,2.973,PG1047,2.698,-0.113,0.025,-0.066,0.014
168,2.252,2.29,3.635,2.922,2.691,90413,3.624,2.951,PG1047,2.7,-0.131,0.039,-0.073,-0.039
169,2.248,2.296,3.656,2.943,2.696,90414,3.651,2.951,PG1047,2.704,-0.149,0.036,-0.055,-0.021
170,2.273,2.286,3.601,3.043,2.882,90415,3.61,3.047,PG1047,2.895,-0.129,-0.011,-0.057,-0.031
171,2.269,2.302,3.627,2.954,2.709,90416,3.61,2.964,PG1047,2.711,-0.113,0.027,-0.063,-0.003
172,2.258,2.294,3.637,2.917,2.703,90417,3.629,2.942,PG1047,2.703,-0.133,0.008,-0.069,0.0
173,2.314,2.374,3.802,3.053,2.706,90418,3.783,3.084,PG1047,2.704,-0.142,0.059,-0.07,-0.016
174,2.241,2.285,3.637,2.937,2.698,90419,3.63,2.949,PG1047,2.699,-0.133,0.01,-0.031,0.002
175,2.252,2.287,3.645,2.938,2.702,90420,3.642,2.948,PG1047,2.692,-0.108,0.006,-0.046,0.015
176,2.243,2.285,3.634,2.946,2.712,90421,3.623,2.958,PG1047,2.706,-0.144,0.012,-0.023,-0.021
177,2.226,2.228,3.588,2.874,2.637,90422,3.604,2.926,PG1047,2.678,-0.125,0.022,-0.054,-0.009
178,2.212,2.26,3.616,2.892,2.619,90423,3.605,2.915,PG1047,2.667,-0.118,0.046,-0.07,-0.157
179,2.183,2.231,3.6,2.895,2.661,90424,3.598,2.91,PG1657,2.647,-0.157,-0.052,-0.036,-0.045
180,2.255,2.285,3.63,2.928,2.7,90425,3.625,2.934,PG1047,2.698,-0.126,0.063,-0.055,-0.021
181,2.232,2.273,3.625,2.92,2.689,90426,3.62,2.94,PG1047,2.686,-0.13,0.066,-0.061,-0.021
182,2.242,2.232,3.608,2.915,2.68,90427,3.602,2.931,PG1047,2.679,-0.127,0.011,-0.062,-0.033
183,2.237,2.268,3.612,2.91,2.673,90428,3.598,2.933,PG1047,2.667,-0.128,0.016,-0.082,0.015
184,2.258,2.288,3.613,2.935,2.683,90608,3.641,2.945,PG1047,2.688,-0.121,-0.024,-0.05,-0.013
185,2.243,2.297,3.619,2.942,2.663,90609,3.604,2.954,PG1047,2.677,-0.149,0.017,-0.062,-0.032
186,2.25,2.29,3.632,2.94,2.676,90610,3.624,2.949,PG1047,2.679,-0.141,0.037,-0.038,-0.007
187,2.165,2.213,3.603,2.896,2.657,90612,3.589,2.896,PG1657,2.643,-0.144,0.015,0.045,-0.048
188,2.206,2.268,3.588,2.919,2.553,90706,3.582,2.927,PG1657,2.633,-0.238,0.031,-0.073,0.168
189,2.191,2.256,3.603,2.924,2.658,90708,3.6,2.928,PG1657,2.663,-0.188,0.039,-0.057,-0.025
190,2.2,2.247,3.612,2.932,2.655,90709,3.621,2.943,PG1657,2.643,-0.152,-0.016,-0.04,-0.046
191,2.193,2.27,3.607,2.925,2.654,90710,3.603,2.925,PG1657,2.648,-0.204,0.028,-0.01,-0.024
192,2.182,2.247,3.579,2.912,2.651,90711,3.592,2.916,PG1657,2.645,-0.165,0.088,-0.022,-0.031
193,2.203,2.264,3.615,2.944,2.59,90715,3.62,2.94,PG1657,2.666,-0.182,-0.022,-0.065,0.153
194,2.19,2.223,3.604,2.913,2.639,90717,3.605,2.917,PG1657,2.637,-0.139,-0.037,-0.048,-0.007
195,2.197,2.256,3.596,2.906,2.624,90718,3.591,2.907,PG1657,2.624,-0.159,0.034,-0.007,-0.004
196,2.19,2.264,3.602,2.935,2.646,90723,3.604,2.94,PG1657,2.639,-0.194,0.015,-0.01,-0.002
197,2.201,2.257,3.614,2.921,2.654,90724,3.621,2.933,PG1657,2.643,-0.161,-0.028,-0.024,-0.029
198,2.178,2.232,3.566,2.91,2.635,90725,3.572,2.922,PG1657,2.636,-0.17,0.123,-0.035,-0.003
199,2.135,2.214,3.606,2.894,2.633,90804,3.605,2.901,PG1657,2.627,-0.197,-0.094,-0.043,-0.029
200,2.091,2.21,3.598,2.893,2.631,90805,3.577,2.907,PG1657,2.602,-0.265,-0.114,-0.025,-0.068
201,2.218,2.239,3.617,2.921,2.652,90813,3.625,2.932,PG1657,2.64,-0.134,-0.025,-0.031,-0.013
202,2.134,2.203,3.587,2.917,2.618,90826,3.574,2.928,PG1657,2.616,-0.205,0.054,-0.03,0.012
203,2.255,2.281,3.567,2.983,2.703,90827,3.544,2.983,TPhe,2.729,-0.044,0.055,0.014,0.047
204,2.278,2.289,3.661,2.975,2.687,90828,3.673,2.985,TPhe,2.722,-0.039,0.047,0.031,0.064
205,2.26,2.301,3.632,2.979,2.675,90829,3.651,2.976,TPhe,2.696,-0.064,0.096,0.012,0.063
206,2.237,2.296,3.65,3.001,2.717,90910,3.647,2.996,PG1657,2.705,-0.163,0.017,-0.086,-0.042
207,2.231,2.296,3.627,2.944,2.673,90911,3.616,2.943,PG1657,2.681,-0.182,-0.07,-0.057,0.021
208,2.234,2.261,3.608,2.932,2.66,90912,3.612,2.94,PG1657,2.652,-0.12,-0.038,-0.051,-0.023
209,2.192,2.273,3.619,2.952,2.631,90913,3.625,2.957,PG1657,2.657,-0.2,-0.049,-0.063,0.067
210,2.247,2.278,3.614,2.966,2.691,90914,3.649,2.964,PG1657,2.72,-0.063,0.1,-0.004,0.035
211,2.257,2.286,3.654,2.984,2.694,90915,3.688,2.984,TPhe,2.713,-0.071,0.072,-0.004,0.034
212,2.255,2.288,3.656,2.977,2.687,90917,3.658,2.982,PG1657,2.686,-0.114,-0.037,-0.039,-0.018
213,2.205,2.263,3.62,2.94,2.679,90918,3.614,2.949,pg1657,2.656,-0.154,-0.005,-0.037,-0.054
214,2.275,2.292,3.636,2.984,2.688,90920,3.64,2.982,TPhe,2.706,-0.051,0.06,0.002,0.051
215,2.282,2.312,3.639,2.994,2.692,90921,3.646,2.996,TPhe,2.731,-0.064,0.075,0.015,0.066
216,2.269,2.286,3.575,2.969,2.679,90922,3.656,2.973,TPhe,2.671,-0.05,0.186,0.012,0.041
217,2.806,2.823,4.033,3.444,3.189,90923,4.083,3.445,TPhe,3.193,-0.055,0.0,-0.001,0.035
218,2.268,2.297,3.658,2.96,2.695,90924,3.666,2.978,TPhe,2.718,-0.061,0.053,0.055,0.058
219,2.228,2.269,3.622,2.986,2.699,90925,3.615,2.984,TPhe,2.727,-0.049,0.082,0.015,0.06
220,2.253,2.283,3.641,2.98,2.695,90928,3.667,2.982,TPhe,2.744,-0.037,0.091,0.034,0.082
221,2.259,2.287,3.634,2.985,2.688,90929,3.665,2.972,TPhe,2.728,-0.036,0.103,0.017,0.083
222,2.282,2.296,3.657,3.001,2.71,91011,3.671,3.009,TPhe,2.731,-0.043,0.087,0.021,0.048
223,2.295,2.308,3.642,2.995,2.71,91018,3.666,2.993,TPhe,2.742,-0.071,0.097,-0.003,0.038
224,2.295,2.311,3.653,3.0,2.718,91019,3.653,3.008,TPhe,2.733,-0.074,0.067,-0.01,0.03
225,2.307,2.313,3.691,3.006,2.708,91022,3.715,3.007,TPhe,2.755,-0.057,0.051,0.011,0.056
226,2.302,2.323,3.676,3.026,2.744,91029,3.694,3.033,TPhe,2.789,-0.061,0.117,0.015,0.061
227,2.269,2.307,3.63,2.999,2.705,91106,3.682,2.998,TPhe,2.743,-0.077,0.127,-0.004,0.046
228,2.257,2.284,3.626,2.969,2.682,91107,3.662,2.971,TPhe,2.711,-0.083,0.093,0.008,0.041
229,2.281,2.294,3.667,2.979,2.684,91111,3.685,2.979,TPhe,2.722,-0.069,0.045,-0.004,0.047
230,2.261,2.283,3.649,2.979,2.694,91114,3.689,2.974,TPhe,2.726,-0.064,0.086,0.004,0.037
231,2.268,2.288,3.624,2.976,2.702,91115,3.671,2.978,TPhe,2.724,-0.071,0.117,0.026,0.033
232,2.259,2.284,3.645,2.977,2.703,91116,3.682,2.973,TPhe,2.728,-0.059,0.087,0.001,0.03
233,2.271,2.283,3.635,2.981,2.682,91119,3.664,2.987,TPhe,2.724,-0.042,0.108,0.027,0.085
234,2.267,2.29,3.652,2.989,2.689,91121,3.704,3.002,TPhe,2.732,-0.044,0.135,0.048,0.081
235,2.281,2.307,3.661,3.005,2.701,91122,3.672,3.011,TPhe,2.715,-0.056,0.095,0.021,0.054
236,2.283,2.301,3.682,2.989,2.69,91123,3.71,2.989,TPhe,2.707,-0.044,0.09,0.03,0.06
237,2.258,2.295,3.705,2.997,2.713,91125,3.716,2.996,TPhe,2.725,-0.044,0.029,0.025,0.056
238,2.29,2.304,3.606,2.996,2.7,91126,3.713,3.008,TPhe,2.736,-0.039,0.239,0.039,0.08
239,2.363,2.379,3.921,3.217,2.714,91127,3.932,3.207,TPhe,2.734,-0.041,0.046,0.031,0.055
240,2.273,2.294,3.755,3.147,2.709,91129,3.765,3.134,TPhe,2.736,-0.047,0.092,0.016,0.052
241,2.26,2.293,3.665,2.706,2.706,91202,3.686,2.99,TPhe,2.724,-0.072,0.078,0.039,0.039
242,2.306,2.297,3.671,2.991,2.683,91203,3.699,2.989,TPhe,2.708,-0.049,0.061,0.004,0.033
243,2.274,2.302,3.653,2.99,2.708,91204,3.67,2.99,TPhe,2.743,-0.069,0.081,-0.003,0.05
244,2.285,2.305,3.668,3.004,2.731,91210,3.684,3.002,TPhe,2.772,-0.039,0.08,0.002,0.054
245,2.343,2.359,3.641,2.945,2.722,91211,3.639,3.009,TPhe,2.758,-0.054,0.111,0.136,0.056
246,2.298,2.317,3.643,3.009,2.718,91212,3.709,3.002,TPhe,2.75,-0.049,0.162,0.016,0.058
247,2.289,2.313,3.609,3.013,2.736,91213,3.549,3.015,TPhe,2.748,-0.049,0.107,0.008,0.031
248,2.399,2.402,3.778,3.083,2.785,100402,3.756,3.088,RU149,2.784,-0.066,0.083,0.006,0.04
249,2.411,2.414,3.803,3.05,2.805,100403,3.753,3.084,RU149,2.817,-0.091,0.126,-0.056,0.069
250,2.398,2.399,3.774,3.087,2.785,100407,3.754,3.091,RU149,2.784,-0.079,0.042,-0.006,0.035
251,2.39,2.39,3.76,3.08,2.786,100408,3.733,3.079,RU149,2.788,-0.062,0.064,0.006,0.032
252,2.372,2.388,3.783,3.078,2.779,100409,3.731,3.067,RU149,2.777,-0.062,0.115,0.021,0.043
253,2.398,2.399,3.787,3.088,2.794,100410,3.762,3.085,RU149,2.783,-0.07,0.049,0.006,0.053
254,2.404,2.4,3.765,3.09,2.798,100412,3.729,3.092,RU149,2.797,-0.079,0.08,0.014,0.036
255,2.399,2.393,3.754,3.077,2.792,100413,3.719,3.08,RU149,2.782,-0.069,0.073,-0.002,0.039
256,2.408,2.436,3.757,3.076,2.818,100414,3.758,3.098,PG1047,2.819,-0.12,-0.006,-0.084,-0.003
257,2.405,2.422,3.787,3.098,2.823,100417,3.765,3.12,PG1047,2.838,-0.135,0.04,-0.072,-0.027
258,2.379,2.408,3.768,3.071,2.8,100418,3.77,3.09,PG1047,2.808,-0.132,0.0,-0.063,-0.015
259,2.381,2.416,3.775,3.08,2.812,100422,3.756,3.09,PG1047,2.824,-0.102,0.041,-0.059,-0.034
260,2.364,2.386,3.769,3.077,2.824,100425,3.766,3.087,PG1047,2.827,-0.156,0.009,-0.091,-0.029
261,2.398,2.425,3.772,3.081,2.833,100507,3.76,3.101,pg1047,2.832,-0.115,0.027,-0.079,-0.013
262,2.38,2.413,3.764,3.076,2.825,100508,3.748,3.09,pg1047,2.826,-0.124,0.015,-0.072,-0.001
263,2.389,2.421,3.755,3.075,2.819,100509,3.758,3.096,pg1047,2.824,-0.132,-0.001,-0.05,-0.031
264,2.387,2.406,3.771,3.07,2.809,100510,3.767,3.09,pg1047,2.804,-0.113,0.007,-0.076,0.01
265,2.316,2.348,3.71,3.019,2.75,100518,3.695,3.038,pg1047,2.752,-0.115,0.03,-0.052,-0.03
266,2.302,2.328,3.722,2.998,2.742,100524,3.715,3.027,pg1047,2.749,-0.159,0.035,-0.074,-0.053
267,2.321,2.354,3.714,3.025,2.743,100525,3.715,3.042,pg1047,2.754,-0.126,0.049,-0.07,-0.009
268,2.353,2.363,3.693,2.986,2.738,100526,3.708,3.036,pg1047,2.754,-0.081,-0.019,-0.071,-0.054
269,2.333,2.38,3.697,3.023,2.754,100605,3.697,3.037,pg1047,2.759,-0.134,0.001,-0.073,-0.036
270,2.326,2.359,3.708,3.016,2.759,100606,3.7,3.036,pg1047,2.762,-0.141,0.008,-0.078,-0.016
271,2.293,2.341,3.7,2.997,2.75,100607,3.694,3.03,pg1047,2.746,-0.152,0.009,-0.072,-0.036
272,2.319,2.367,3.731,3.051,2.76,100626,3.724,3.055,pg1047,2.75,-0.166,0.017,-0.056,-0.041
273,2.339,2.361,3.709,3.037,2.769,100627,3.722,3.059,pg1047,2.774,-0.09,-0.011,-0.065,-0.025
274,2.341,2.382,3.741,3.046,2.793,100628,3.726,3.067,pg1047,2.805,-0.141,0.033,-0.074,-0.033
275,2.341,2.38,3.736,3.036,2.776,100629,3.727,3.062,pg1047,2.781,-0.136,0.018,-0.072,-0.009
276,2.339,2.366,3.715,3.035,2.768,100702,3.706,3.056,pg1047,2.778,-0.124,0.01,-0.054,-0.02
277,2.337,2.334,3.715,3.042,2.742,100803,3.74,3.053,TPhe,2.772,-0.054,0.073,0.026,0.058
278,2.324,2.33,3.689,3.034,2.757,100805,3.693,3.039,TPhe,2.799,-0.037,0.095,0.018,0.054
279,2.319,2.338,3.712,3.057,2.768,100812,3.73,3.065,TPhe,2.806,-0.035,0.096,0.018,0.055
280,2.323,2.345,3.737,3.047,2.763,100813,3.764,3.056,TPhe,2.802,-0.054,0.089,0.026,0.046
281,2.319,2.328,3.732,3.041,2.742,100814,3.762,3.044,TPhe,2.794,-0.053,0.08,0.015,0.063
282,2.33,2.349,3.728,3.061,2.833,100817,3.771,3.067,TPhe,2.855,-0.075,0.079,0.012,0.044
283,2.332,2.348,3.707,3.069,2.764,100818,3.739,3.072,TPhe,2.793,-0.042,0.109,0.006,0.052
284,2.333,2.359,3.746,3.073,2.783,100820,3.778,3.079,TPhe,2.819,-0.055,0.084,0.019,0.052
285,2.314,2.344,3.689,3.048,2.75,100821,3.771,3.052,TPhe,2.769,-0.036,0.194,0.04,0.065
286,2.29,2.32,3.714,3.043,2.776,100825,3.732,3.035,TPhe,2.809,-0.056,0.081,0.01,0.04
287,2.311,2.33,3.741,3.057,2.746,100826,3.774,3.051,TPhe,2.776,-0.041,0.084,0.01,0.056
288,2.312,2.331,3.701,3.03,2.76,100828,3.758,3.059,TPhe,2.798,-0.051,0.141,0.063,0.045
289,2.34,2.354,3.721,3.067,2.759,100829,3.742,3.063,TPhe,2.799,-0.049,0.095,0.01,0.053
290,2.362,2.371,3.692,3.074,2.781,100905,3.711,3.077,TPhe,2.811,-0.057,0.134,0.006,0.048
291,2.328,2.35,3.731,3.053,2.768,100906,3.779,3.044,TPhe,2.811,-0.049,0.111,0.014,0.052
292,2.352,2.368,3.735,3.071,2.756,100913,3.775,3.076,TPhe,2.807,-0.036,0.117,0.031,0.086
293,2.33,2.352,3.718,3.072,2.772,100918,3.716,3.078,TPhe,2.815,-0.051,0.089,0.022,0.062
294,2.33,2.369,3.715,3.062,2.783,100923,3.728,3.068,TPhe,2.803,-0.057,0.107,0.029,0.043
295,2.357,2.377,3.71,3.087,2.784,100925,3.744,3.088,TPhe,2.825,-0.051,0.157,0.015,0.054
296,2.341,2.362,3.715,3.061,2.786,100927,3.739,3.064,TPhe,2.828,-0.047,0.123,0.019,0.051
297,2.334,2.378,3.754,3.11,2.818,100928,3.743,3.113,TPhe,2.839,-0.068,0.07,-0.008,0.037
298,2.389,2.401,3.75,3.102,2.81,101006,3.815,3.115,TPhe,2.845,-0.032,0.129,0.028,0.059
299,2.362,2.401,3.801,3.11,2.818,101007,3.816,3.117,TPhe,2.857,-0.053,0.042,0.017,0.055
300,2.398,2.407,3.746,3.09,2.807,101008,3.773,3.098,TPhe,2.839,-0.059,0.113,0.018,0.049
301,2.401,2.428,3.78,3.11,2.828,101010,3.803,3.118,TPhe,2.869,-0.05,0.098,0.023,0.056
302,2.362,2.39,3.765,3.111,2.811,101011,3.769,3.116,TPhe,2.854,-0.038,0.08,0.02,0.061
303,2.4,2.441,3.737,3.157,2.863,101012,3.671,3.168,TPhe,2.891,-0.063,0.089,0.019,0.06
304,2.382,2.411,3.79,3.116,2.817,101013,3.853,3.118,TPhe,2.853,-0.039,0.14,0.039,0.075
305,2.375,2.407,3.731,3.105,2.829,101017,3.791,3.111,TPhe,2.855,-0.048,0.161,0.019,0.044
306,2.367,2.378,3.767,3.083,2.785,101018,3.81,3.093,TPhe,2.832,-0.057,0.099,0.039,0.06
307,2.371,2.38,3.75,3.088,2.8,101022,3.798,3.081,TPhe,2.817,-0.054,0.113,0.009,0.022
308,2.426,2.427,3.79,3.108,2.812,101023,3.818,3.106,TPhe,2.826,-0.073,0.072,-0.007,0.03
309,2.431,2.441,3.793,3.117,2.825,101024,3.805,3.121,TPhe,2.857,-0.068,0.073,-0.003,0.048
310,2.335,2.376,3.75,3.097,2.816,101025,3.796,3.103,TPhe,2.844,-0.048,0.117,0.017,0.036
311,2.393,2.408,3.758,3.113,2.819,101027,3.813,3.118,TPhe,2.851,-0.033,0.162,0.04,0.057
312,2.417,2.425,3.799,3.15,2.857,101029,3.797,3.167,TPhe,2.9,-0.028,0.093,0.041,0.067
313,2.432,2.443,3.813,3.145,2.85,101030,3.834,3.149,TPhe,2.881,-0.054,0.093,0.013,0.057
314,2.417,2.435,3.751,3.124,2.843,101102,3.794,3.127,TPhe,2.842,-0.064,0.152,0.017,0.018
315,2.403,2.425,3.765,3.143,2.85,101104,3.736,3.137,TPhe,2.863,-0.066,0.093,0.011,0.025
316,2.41,2.436,3.805,3.152,2.855,101108,3.84,3.152,TPhe,2.875,-0.056,0.074,0.003,0.045
317,2.432,2.471,3.771,3.146,2.869,101109,3.83,3.152,TPhe,2.88,-0.076,0.173,0.02,0.036
318,2.389,2.399,3.751,3.121,2.818,101202,3.817,3.11,TPhe,2.852,-0.067,0.14,0.004,0.041
319,2.406,2.428,3.799,3.11,2.827,101203,3.816,3.111,TPhe,2.864,-0.067,0.064,0.009,0.047
320,2.4,2.419,3.78,3.116,2.83,101204,3.798,3.113,TPhe,2.864,-0.064,0.09,-0.001,0.041
321,2.418,2.424,3.805,3.123,2.841,101205,3.84,3.128,TPhe,2.884,-0.044,0.083,0.012,0.049
322,2.394,2.431,3.787,3.118,2.828,101206,3.798,3.121,TPhe,2.862,-0.06,0.089,0.011,0.061
323,2.433,2.435,3.801,3.131,2.838,101207,3.793,3.131,TPhe,2.873,-0.045,0.05,0.024,0.055
324,2.417,2.431,3.781,3.126,2.841,101208,3.844,3.134,TPhe,2.861,-0.048,0.13,0.03,0.046
325,2.383,2.404,3.749,3.105,2.805,101209,3.754,3.111,TPhe,2.848,-0.051,0.106,0.002,0.07
326,2.395,2.412,3.759,3.101,2.829,101210,3.765,3.108,TPhe,2.861,-0.044,0.117,0.029,0.05
327,2.361,2.398,3.734,3.12,2.826,101211,3.763,3.116,TPhe,2.864,-0.046,0.156,0.007,0.044
328,2.459,2.466,3.791,3.159,2.869,101212,3.828,3.159,TPhe,2.904,-0.045,0.131,0.013,0.046
329,2.379,2.406,3.777,3.113,2.838,101213,3.825,3.106,TPhe,2.87,-0.095,0.145,0.029,0.041
330,2.379,2.419,3.814,3.128,2.837,101215,3.854,3.132,TPhe,2.868,-0.069,0.088,0.026,0.041
331,2.45,2.449,3.801,3.134,2.842,101216,3.775,3.14,RU149,2.841,-0.076,0.075,0.005,0.039
332,2.439,2.446,3.821,3.126,2.84,101217,3.791,3.13,RU149,2.835,-0.077,0.063,0.004,0.045
333,2.45,2.449,3.826,3.137,2.845,101218,3.786,3.127,RU149,2.836,-0.072,0.111,0.018,0.045
334,2.492,2.489,3.844,3.153,2.872,101219,3.813,3.136,RU149,2.873,-0.055,0.1,0.03,0.044
335,2.479,2.482,3.865,3.171,2.884,101220,3.841,3.17,RU149,2.897,-0.097,0.054,0.022,0.0
336,2.541,2.54,3.881,3.196,2.924,101221,3.847,3.197,RU149,2.936,-0.034,0.104,0.015,0.066
337,2.548,2.551,3.935,3.211,2.905,101222,3.89,3.198,RU149,2.908,-0.07,0.229,0.078,0.052
338,2.457,2.462,3.707,3.133,2.858,101223,3.828,3.155,RU149,2.856,-0.113,-0.14,-0.022,0.045
339,2.483,2.482,3.817,3.156,2.866,101226,3.796,3.157,RU149,2.87,-0.066,0.085,0.001,0.043
340,2.463,2.465,3.852,3.151,2.856,101227,3.829,3.146,RU149,2.849,-0.063,0.053,0.014,0.042
341,2.486,2.485,3.845,3.157,2.855,101228,3.797,3.16,RU149,2.85,-0.055,0.121,0.005,0.036
342,2.466,2.467,3.844,3.137,2.852,101229,3.813,3.144,RU149,2.858,-0.056,0.082,-0.001,0.032
343,2.467,2.467,3.846,3.146,2.861,101230,3.804,3.15,RU149,2.868,-0.065,0.092,-0.003,0.028
344,2.468,2.467,3.851,3.155,2.871,110102,3.805,3.158,RU149,2.869,-0.057,0.09,0.004,0.043
345,2.491,2.494,3.867,3.172,2.888,110103,3.835,3.181,RU149,2.882,-0.073,0.068,-0.009,0.035
346,2.522,2.527,3.926,3.227,2.923,110202,3.901,3.236,RU149,2.922,-0.067,0.089,-0.001,0.055
347,2.467,2.463,3.868,3.171,2.883,110204,3.843,3.166,RU149,2.888,-0.067,0.083,0.065,0.029
348,2.64,2.654,3.989,3.296,3.008,110205,3.946,3.306,RU149,3.008,-0.084,0.096,-0.004,0.016
349,2.53,2.531,3.914,3.203,2.926,110206,3.868,3.204,RU149,2.922,-0.055,0.082,-0.003,0.04
350,2.517,2.516,3.905,3.219,2.92,110207,3.87,3.218,RU149,2.92,-0.066,0.088,0.013,0.04
351,2.539,2.539,3.927,3.225,2.937,110209,3.903,3.223,RU149,2.935,-0.067,0.086,0.005,0.045
352,2.475,2.477,3.899,3.196,2.905,110219,3.867,3.201,RU149,2.905,-0.046,0.057,0.005,0.031
353,2.452,2.453,3.865,3.178,2.878,110220,3.836,3.185,RU149,2.874,-0.058,0.078,0.005,0.035
354,2.534,2.512,3.942,3.233,2.943,110221,3.911,3.234,RU149,2.939,-0.043,0.07,0.001,0.06
355,2.453,2.478,3.85,3.158,2.882,110402,3.844,3.18,pg1047,2.897,-0.117,0.006,-0.056,-0.028
356,2.448,2.467,3.857,3.145,2.888,110403,3.851,3.168,pg1047,2.9,-0.133,0.006,-0.057,-0.03
357,2.444,2.474,3.84,3.153,2.893,110404,3.838,3.182,pg1047,2.896,-0.127,0.003,-0.064,-0.028
358,2.476,2.473,3.885,3.173,2.891,110405,3.86,3.181,RU149,2.888,-0.065,0.066,0.004,0.035
359,2.459,2.459,3.867,3.177,2.865,110407,3.819,3.178,RU149,2.86,-0.071,0.07,0.005,0.049
360,2.423,2.452,3.847,3.135,2.871,110408,3.84,3.166,pg1047,2.873,-0.11,0.007,-0.084,-0.003
361,2.435,2.468,3.858,3.139,2.871,110410,3.84,3.169,pg1047,2.876,-0.106,0.031,-0.069,-0.024
362,2.38,2.419,3.758,3.104,2.844,110415,3.801,3.143,pg1047,2.835,-0.158,-0.067,-0.041,-0.054
363,2.421,3.758,3.758,3.758,3.758,110417,3.821,3.147,pg1047,2.872,-0.067,-0.067,-0.067,-0.067
364,2.412,2.452,3.826,3.122,2.859,110419,3.808,3.159,pg1047,2.864,-0.114,0.018,-0.068,-0.054
365,2.42,2.445,3.824,3.135,2.865,110420,3.814,3.155,pg1047,2.871,-0.117,0.01,-0.065,-0.011
366,2.426,2.459,3.859,3.145,2.877,110422,3.838,3.16,pg1047,2.885,-0.121,0.061,-0.084,-0.024
367,2.426,2.456,3.841,3.117,2.874,110423,3.838,3.16,pg1047,2.878,-0.125,0.003,-0.085,-0.023
368,2.419,2.447,3.751,3.145,2.863,110424,3.812,3.164,pg1047,2.868,-0.113,-0.057,-0.048,-0.009
369,2.416,2.438,3.831,3.136,2.857,110425,3.808,3.164,pg1047,2.872,-0.143,0.022,-0.046,-0.027
370,2.423,2.45,3.826,3.122,2.861,110427,3.81,3.148,pg1047,2.864,-0.105,0.015,-0.079,-0.006
371,2.41,2.439,3.838,3.147,2.884,110428,3.821,3.166,pg1047,2.898,-0.148,0.016,-0.051,-0.029
372,2.43,2.441,3.847,3.14,2.874,110429,3.837,3.175,pg1047,2.888,-0.129,0.01,-0.06,-0.029
373,2.43,2.452,3.873,3.156,2.876,110502,3.844,3.175,pg1047,2.887,-0.116,0.05,-0.045,-0.02
374,2.434,2.459,3.848,3.135,2.875,110503,3.829,3.169,pg1047,2.887,-0.124,0.044,-0.07,-0.022
375,2.437,2.461,3.851,3.15,2.883,110504,3.833,3.17,pg1047,2.891,-0.119,0.047,-0.065,-0.015
376,2.432,2.451,3.855,3.153,2.89,110505,3.851,3.172,pg1047,2.891,-0.124,0.022,-0.039,-0.001
377,2.426,2.454,3.85,3.134,2.85,110509,3.844,3.159,pg1047,2.88,-0.115,0.008,-0.055,-0.067
378,2.445,2.445,3.858,3.162,2.854,110512,3.819,3.167,RU149,2.853,-0.061,0.132,0.016,0.058
379,2.457,2.451,3.863,3.16,2.863,110513,3.814,3.165,RU149,2.862,-0.071,0.136,0.005,0.023
380,2.446,2.477,3.863,3.151,2.889,110516,3.848,3.177,pg1047,2.902,-0.1,0.025,-0.082,-0.041
381,2.434,2.463,3.853,3.164,2.892,110517,3.825,3.18,pg1047,2.902,-0.118,0.027,-0.064,-0.038
382,2.45,2.472,3.86,3.154,2.892,110518,3.835,3.181,pg1047,2.89,-0.123,0.039,-0.072,-0.007
383,2.454,2.464,3.87,3.149,2.887,110520,3.864,3.159,pg1047,2.899,-0.098,0.007,-0.066,-0.038
384,2.455,2.465,3.888,3.162,2.894,110522,3.874,3.207,pg1047,2.906,-0.12,0.014,-0.083,-0.022
385,2.438,2.457,3.851,3.16,2.884,110524,3.838,3.19,pg1047,2.896,-0.114,0.013,-0.069,-0.022
386,2.441,2.463,3.847,3.161,2.879,110525,3.837,3.179,pg1047,2.889,-0.126,0.01,-0.064,-0.019
387,2.462,2.475,3.866,3.153,2.896,110526,3.843,3.184,pg1047,2.904,-0.112,0.035,-0.064,-0.014
388,2.482,2.472,3.806,3.163,2.892,110612,3.812,3.187,pg1047,2.888,-0.096,-0.008,-0.053,0.008
389,2.421,2.408,3.826,3.145,2.874,110613,3.816,3.18,pg1047,2.89,-0.169,0.011,-0.081,-0.042
390,2.412,2.436,3.829,3.133,2.861,110616,3.808,3.153,pg1047,2.862,-0.14,0.041,-0.039,-0.015
391,2.45,2.48,3.856,3.157,2.893,110622,3.849,3.179,pg1047,2.891,-0.116,0.03,-0.05,0.003
392,2.415,2.413,3.784,3.03,2.84,110625,3.803,3.131,pg1047,2.85,-0.107,-0.028,-0.138,-0.055
393,2.403,2.433,3.814,3.114,2.854,110626,3.796,3.134,pg1047,2.863,-0.172,0.062,-0.064,-0.016
394,2.437,2.466,3.85,3.144,2.892,110627,3.833,3.166,pg1047,2.895,-0.115,0.016,-0.096,-0.01
395,2.436,2.468,3.859,3.152,2.893,110704,3.851,3.179,pg1047,2.896,-0.125,0.032,-0.071,-0.03
396,2.406,2.451,3.849,3.197,2.884,110714,3.905,3.2,TPhe,2.909,-0.061,0.126,-0.033,0.042
397,2.392,2.426,3.847,3.191,2.904,110717,3.843,3.193,TPhe,2.919,-0.058,0.075,-0.003,0.025
398,2.447,2.462,3.859,3.209,2.927,110719,3.871,3.212,TPhe,2.944,-0.064,0.099,0.023,0.027
399,2.436,2.448,3.868,3.197,2.902,110720,3.887,3.189,TPhe,2.925,-0.064,0.076,-0.016,0.032
400,2.432,2.457,3.838,3.177,2.906,110721,3.866,3.191,TPhe,2.929,-0.07,0.11,-0.015,0.032
401,2.427,2.439,3.853,3.19,2.873,110722,3.9,3.183,TPhe,2.904,-0.057,0.099,0.004,0.056
402,2.438,2.465,3.841,,2.896,110723,3.836,,TPhe,2.92,-0.072,0.12,,0.036
403,2.459,2.463,3.881,3.189,2.897,110724,3.888,3.189,TPhe,2.933,-0.065,0.055,0.014,0.044
404,2.408,2.441,3.822,3.164,2.896,110810,3.838,3.166,TPhe,2.91,-0.084,0.106,0.009,0.026
405,2.469,2.469,3.895,3.209,2.889,110811,3.915,3.213,TPhe,2.884,-0.077,0.066,-0.011,0.021
406,2.478,2.459,3.837,3.178,2.909,110812,3.865,3.176,TPhe,2.928,-0.07,0.108,0.008,0.033
407,2.468,2.46,3.869,3.185,2.905,110813,3.905,3.185,TPhe,2.917,-0.079,0.08,-0.003,0.03
408,2.46,2.444,3.872,3.182,2.889,110814,3.91,3.184,TPhe,2.925,-0.07,0.082,0.012,0.051
409,2.446,2.455,3.873,3.209,2.909,110819,3.897,3.21,TPhe,2.939,-0.061,0.085,0.005,0.055
410,2.473,2.479,3.863,3.216,2.927,110822,3.92,3.201,TPhe,2.937,-0.071,0.119,0.002,0.028
411,2.441,2.47,3.868,3.217,2.923,110829,3.927,3.207,TPhe,2.945,-0.072,0.139,0.005,0.029
412,2.457,2.473,3.876,3.2,2.907,110905,3.858,3.197,TPhe,2.935,-0.064,0.039,0.005,0.036
413,2.474,2.467,3.892,3.212,2.899,110906,3.905,3.2,TPhe,2.923,-0.061,0.047,-0.001,0.033
414,2.472,2.485,3.885,3.207,2.93,110907,3.916,3.206,TPhe,2.942,-0.077,0.076,0.01,0.017
415,2.473,2.48,3.833,3.205,2.929,110910,3.778,3.203,TPhe,2.935,-0.074,0.078,-0.005,0.021
416,2.468,2.472,3.857,3.2,2.912,110911,3.892,3.193,TPhe,2.917,-0.07,0.127,0.01,0.018
417,2.476,2.483,3.89,3.198,2.923,110912,3.872,3.198,TPhe,2.931,-0.08,0.024,0.008,0.022
418,2.487,2.487,3.902,3.211,2.926,110913,3.939,3.216,TPhe,2.961,-0.048,0.091,0.014,0.05
419,2.48,2.487,3.862,3.211,2.899,110914,3.892,3.212,TPhe,2.906,-0.052,0.115,0.003,0.045
420,2.49,2.487,3.871,3.208,2.93,110918,3.934,3.209,TPhe,2.953,-0.054,0.135,-0.002,0.038
421,2.485,2.487,3.862,3.229,2.924,110919,3.896,3.209,TPhe,2.949,-0.063,0.107,0.003,0.04
423,2.467,2.449,4.086,3.432,3.155,110922,4.111,3.425,TPhe,3.161,-0.081,0.075,-0.008,0.029
424,2.735,2.737,4.13,3.432,3.152,110923,4.14,3.438,TPhe,3.166,-0.089,0.041,-0.009,0.021
425,2.689,2.704,4.099,3.43,3.142,110924,4.141,3.428,TPhe,3.154,-0.079,0.115,-0.009,0.029
426,2.738,2.721,4.09,3.43,3.152,110925,4.12,3.434,TPhe,3.166,-0.091,0.078,-0.017,0.018
427,2.703,2.705,4.101,3.424,3.149,110928,4.119,3.427,TPhe,3.16,-0.078,0.074,-0.006,0.021
428,2.668,2.688,4.094,3.415,3.125,110929,4.137,3.409,TPhe,3.158,-0.074,0.093,0.007,0.046
429,2.348,2.35,3.72,3.036,2.747,100103,3.699,3.046,RU149,2.743,-0.068,0.042,-0.007,0.0
430,2.349,2.349,3.73,3.031,2.737,100104,3.711,3.04,RU149,2.739,-0.077,0.088,-0.009,0.565
431,2.337,2.342,3.691,3.025,2.743,100105,3.693,3.034,RU149,2.736,-0.056,0.006,-0.008,-0.035
432,2.372,2.381,3.761,3.064,2.774,100106,3.72,3.066,RU149,2.768,-0.071,0.102,0.006,0.04
433,2.364,2.366,3.674,3.047,2.755,100107,3.694,3.045,RU149,2.753,-0.071,0.025,0.02,0.051
434,2.369,2.371,3.705,3.053,2.763,100108,3.705,3.052,RU149,2.767,-0.071,0.012,-0.002,0.05
435,2.374,2.374,3.753,3.063,2.769,100109,3.726,3.059,RU149,2.763,-0.068,0.097,0.012,0.037
436,2.36,2.355,3.747,3.05,2.766,100110,3.705,3.053,RU149,2.762,-0.04,0.087,0.001,0.031
437,2.365,2.366,3.749,3.052,2.755,100111,3.719,3.055,RU149,2.747,-0.074,0.084,0.007,0.048
438,2.38,2.383,3.745,3.061,2.772,100112,3.714,3.058,RU149,2.761,-0.078,0.094,0.006,0.055
439,2.431,2.432,3.819,3.111,2.821,100113,3.785,3.114,RU149,2.822,-0.063,0.091,-0.012,0.03
440,2.432,2.433,3.923,3.195,2.836,100115,3.865,3.195,RU149,2.84,-0.077,0.11,0.006,0.033
441,2.382,2.388,3.757,3.066,2.788,100116,3.742,3.068,RU149,2.785,-0.076,0.041,-0.005,0.039
442,2.468,2.472,3.766,3.07,2.733,100117,3.729,3.075,RU149,2.782,-0.064,0.061,-0.005,0.544
443,2.36,2.362,3.757,3.056,2.763,100119,3.708,3.05,RU149,2.761,-0.065,0.109,0.016,0.046
444,2.361,2.357,3.743,3.048,2.76,100120,3.723,3.056,RU149,2.764,-0.072,0.062,-0.005,0.035
445,2.376,2.374,3.744,3.043,2.765,100121,3.705,3.045,RU149,2.771,-0.079,0.058,0.008,0.028
446,2.395,2.391,3.746,3.061,2.782,100122,3.718,3.065,RU149,2.78,-0.054,0.051,-0.005,0.027
447,2.425,2.438,3.795,3.078,2.805,100128,3.743,3.088,RU149,2.808,-0.042,0.205,-0.011,0.066
448,2.348,2.352,3.702,3.038,2.739,100203,3.69,3.027,RU149,2.734,-0.09,0.06,0.018,0.043
449,2.349,2.343,3.729,3.032,2.744,100207,3.697,3.037,RU149,2.741,-0.064,0.085,0.0,0.035
450,2.341,2.336,3.913,3.034,2.747,100208,3.912,3.04,RU149,2.74,-0.086,0.001,-0.002,0.039
451,2.376,2.379,3.736,3.052,2.778,100211,3.714,3.055,RU149,2.784,-0.074,0.059,-0.01,0.029
452,2.395,2.399,3.807,3.228,2.787,100212,3.788,3.235,RU149,2.785,-0.075,0.046,-0.008,0.038
453,2.335,2.338,3.728,3.036,2.735,100213,3.683,3.036,RU149,2.731,-0.071,0.074,-0.005,0.052
454,2.366,2.365,3.738,3.046,2.755,100214,3.713,3.048,RU149,2.758,-0.095,0.067,-0.002,0.042
455,2.4,2.404,3.751,3.056,2.792,100215,3.73,3.06,RU149,2.793,-0.082,0.073,0.0,0.031
456,2.367,2.365,3.741,3.042,2.76,100216,3.68,3.051,RU149,2.752,-0.07,0.118,0.003,0.034
457,2.393,2.391,3.755,3.069,2.783,100217,3.715,3.069,RU149,2.784,-0.072,0.074,0.006,0.035
458,2.379,2.38,3.764,3.06,2.792,100220,3.739,3.059,RU149,2.788,-0.085,0.072,0.01,0.016
459,2.367,2.366,3.74,3.036,2.749,100221,3.723,3.038,RU149,2.74,-0.082,0.051,0.002,0.048
460,2.359,2.363,3.74,3.047,2.75,100222,3.697,3.052,RU149,2.748,-0.073,0.093,-0.002,0.046
461,2.38,2.375,3.757,3.058,2.772,100223,3.716,3.061,RU149,2.776,-0.068,0.068,0.007,0.03
462,2.38,2.378,3.746,3.059,2.762,100224,3.705,3.061,RU149,2.766,-0.065,0.074,0.018,0.04
463,2.354,2.358,3.745,3.043,2.76,100225,3.743,3.048,RU149,2.763,-0.087,0.06,-0.011,0.042
464,2.356,2.359,3.743,3.055,2.766,100226,3.7,3.062,RU149,2.768,-0.043,0.071,0.003,0.042
465,2.363,2.361,3.743,3.056,2.758,100303,3.71,3.059,RU149,2.756,-0.072,0.078,0.011,0.037
466,2.374,2.374,3.746,3.054,2.75,100304,3.722,3.049,RU149,2.752,-0.072,0.061,0.009,0.042
467,2.362,2.362,3.737,3.057,2.764,100305,3.711,3.055,RU149,2.763,-0.073,0.056,0.012,0.047
468,2.412,2.418,3.735,3.059,2.768,100306,3.717,3.055,RU149,2.773,-0.058,0.049,0.012,0.045
469,2.366,2.373,3.734,3.054,2.773,100308,3.698,3.054,RU149,2.778,-0.084,0.08,0.001,0.036
470,2.366,2.369,3.75,3.061,2.767,100309,3.714,3.065,RU149,2.765,-0.065,0.068,0.001,0.046
471,2.379,2.387,3.756,3.064,2.755,100310,3.73,3.063,RU149,2.762,-0.086,0.075,0.011,0.039
472,2.382,2.382,3.759,3.065,2.776,100311,3.702,3.072,RU149,2.773,-0.061,0.131,-0.009,0.036
473,2.402,2.407,3.776,3.082,2.796,100312,3.74,3.091,RU149,2.79,-0.086,0.073,-0.005,0.046
474,2.375,2.379,3.745,3.063,2.764,100313,3.702,3.066,RU149,2.765,-0.074,0.099,0.003,0.041
475,2.366,2.37,3.747,3.058,2.771,100314,3.701,3.072,RU149,2.767,-0.081,0.074,-0.009,0.036
476,2.362,2.366,3.744,3.056,2.764,100315,3.715,3.045,RU149,2.754,-0.065,0.078,0.018,0.054
477,2.365,2.373,3.745,3.056,2.767,100316,3.708,3.06,RU149,2.763,-0.076,0.067,0.006,0.048
478,2.721,2.722,4.081,3.428,3.141,111005,4.142,3.437,TPhe,3.162,-0.078,0.141,-0.017,0.032
479,2.731,2.714,4.112,3.403,3.139,111006,4.137,3.404,TPhe,3.166,-0.062,0.07,0.012,0.036
480,2.713,2.727,4.122,3.447,3.142,111007,4.115,3.44,TPhe,3.179,-0.081,0.011,-0.004,0.052
481,2.721,2.715,4.052,3.412,3.133,111008,4.021,3.418,TPhe,3.125,-0.066,0.009,0.021,0.03
482,2.68,2.718,4.112,3.444,3.139,111009,4.134,3.442,TPhe,3.153,-0.077,0.084,0.006,0.047
483,2.73,2.731,4.087,3.441,3.149,111010,4.055,3.443,TPhe,3.147,-0.079,0.066,0.022,0.038
484,2.722,2.765,4.107,3.473,3.159,111011,4.16,3.469,TPhe,3.226,-0.07,0.136,-0.002,0.088
485,2.709,2.719,4.121,3.447,3.15,111015,4.16,3.445,TPhe,3.162,-0.054,0.097,-0.004,0.044
486,2.701,2.727,4.062,3.451,3.162,111016,4.128,3.446,TPhe,3.188,-0.072,0.17,0.001,0.041
487,2.739,2.747,4.119,3.466,3.185,111017,4.088,3.463,TPhe,3.198,-0.071,0.07,0.008,0.033
488,2.752,2.761,4.104,3.459,3.18,111019,4.122,3.453,TPhe,3.208,-0.063,0.115,0.003,0.034
489,2.713,2.725,4.135,3.45,3.164,111020,4.159,3.449,TPhe,3.191,-0.068,0.055,-0.007,0.037
490,2.746,2.765,4.146,3.463,3.186,111021,4.18,3.46,TPhe,3.219,-0.074,0.083,-0.008,0.042
491,2.739,2.754,4.103,3.447,3.189,111023,4.173,3.442,TPhe,3.228,-0.053,0.166,0.031,0.047
492,2.707,2.717,4.138,3.435,3.15,111024,4.149,3.436,TPhe,3.184,-0.055,0.046,0.014,0.056
493,2.714,2.722,4.127,3.443,3.157,111025,4.155,3.449,TPhe,3.197,-0.049,0.072,0.023,0.054
494,2.662,2.707,4.191,3.459,3.159,111026,4.18,3.452,TPhe,3.191,-0.056,-0.029,-0.009,0.046
495,2.696,2.709,4.146,3.451,3.144,111029,4.156,3.449,TPhe,3.172,-0.049,0.028,-0.002,0.058
496,2.717,2.723,4.118,3.437,3.143,111030,4.138,3.43,TPhe,3.17,-0.063,0.053,-0.009,0.045
497,2.717,2.728,4.13,3.459,3.157,111102,4.126,3.458,TPhe,3.174,-0.065,0.049,-0.02,0.038
498,2.726,2.732,4.102,3.458,3.17,111103,4.133,3.45,TPhe,3.189,-0.088,0.103,-0.006,0.032
499,2.712,2.728,4.074,3.456,3.156,111104,4.092,3.461,TPhe,3.204,-0.085,0.132,-0.011,0.063
500,2.677,2.702,4.096,3.417,3.146,111105,4.101,3.439,TPhe,3.177,-0.062,0.085,0.046,0.052
501,2.699,2.722,4.101,3.455,3.138,111106,4.087,3.451,TPhe,3.2,-0.056,0.074,0.021,0.074
502,2.7,2.715,4.056,3.443,3.174,111109,4.051,3.445,TPhe,3.185,-0.064,0.126,0.01,0.037
503,2.732,2.719,4.088,3.437,3.163,111113,4.085,3.45,TPhe,3.199,-0.1,0.098,0.039,0.052
504,2.715,2.731,4.132,3.451,3.185,111114,4.101,3.454,TPhe,3.212,-0.055,0.037,0.01,0.043
505,2.698,2.718,4.061,3.426,3.152,111116,4.114,3.44,TPhe,3.173,-0.06,0.154,0.028,0.04
506,2.696,2.724,4.089,3.448,3.176,111117,4.128,3.449,TPhe,3.207,-0.068,0.117,0.006,0.04
507,2.708,2.714,4.075,3.429,3.142,111119,4.077,3.432,TPhe,3.15,-0.058,0.106,0.009,0.044
508,2.707,2.716,4.139,3.448,3.155,111120,4.162,3.44,TPhe,3.184,-0.062,0.083,0.0,0.043
509,2.7,2.714,4.079,3.436,3.144,111124,4.085,3.434,TPhe,3.161,-0.064,0.04,-0.005,0.031
510,2.681,2.702,4.073,3.416,3.128,111125,4.081,3.413,TPhe,3.158,-0.062,0.098,0.013,0.046
511,2.679,2.698,4.001,3.423,3.119,111127,4.023,3.412,TPhe,3.137,-0.071,0.184,0.002,0.046
512,2.696,2.702,4.115,3.423,3.145,111128,4.156,3.423,TPhe,3.178,-0.057,0.113,0.005,0.046
513,2.695,2.7,4.081,3.433,3.15,111129,4.115,3.422,TPhe,3.164,-0.067,0.11,0.001,0.02
514,2.718,2.744,4.137,3.466,3.187,111202,4.117,3.462,TPhe,3.213,-0.069,0.059,0.009,0.037
515,2.707,2.721,4.05,3.445,3.158,111203,4.063,3.469,TPhe,3.197,-0.062,0.154,-0.038,0.051
516,2.695,2.721,4.119,3.45,3.154,111204,4.136,3.451,TPhe,3.177,-0.056,0.098,0.01,0.054
517,2.733,2.759,4.151,3.474,3.178,111205,4.213,3.48,TPhe,3.204,-0.057,0.129,0.025,0.071
518,2.723,2.767,4.117,3.497,3.197,111206,4.095,3.501,TPhe,3.222,-0.065,0.101,0.018,0.052
519,2.756,2.772,4.155,3.482,3.201,111208,4.156,3.489,TPhe,3.227,-0.054,0.073,0.019,0.039
520,2.723,2.746,4.145,3.457,3.161,111209,4.19,3.465,TPhe,3.175,-0.053,0.108,0.037,0.042
521,2.727,2.743,4.081,3.458,3.172,111212,4.112,3.465,TPhe,3.194,-0.058,0.161,0.032,0.063
522,2.732,2.751,4.146,3.474,3.186,111213,4.199,3.48,TPhe,3.232,-0.059,0.109,0.022,0.055
523,2.74,2.752,4.069,3.464,3.194,111214,4.02,3.478,TPhe,3.214,-0.037,0.083,0.032,0.047
524,2.766,2.777,4.143,3.509,3.203,111215,4.154,3.512,TPhe,3.245,-0.045,0.112,0.013,0.061
525,2.757,2.778,4.174,3.501,3.204,111216,4.18,3.505,TPhe,3.249,-0.041,0.068,0.012,0.074
526,2.765,2.786,4.171,3.519,3.212,111217,4.198,3.507,TPhe,3.245,-0.04,0.121,0.02,0.071
527,2.841,2.83,4.137,3.536,3.258,111218,4.216,3.548,TPhe,3.297,-0.042,0.211,0.024,0.055
528,2.754,2.768,4.184,3.505,3.185,111220,4.186,3.51,TPhe,3.193,-0.054,0.051,0.018,0.058
529,2.771,2.765,4.166,3.503,3.202,111221,4.181,3.51,TPhe,3.241,-0.046,0.081,0.023,0.048
530,2.786,2.781,4.19,3.501,3.224,111229,4.164,3.503,RU149,3.224,-0.053,0.06,0.014,0.03
531,2.764,2.761,4.188,3.477,3.202,120106,4.168,3.487,RU149,3.2,-0.065,0.057,-0.007,0.034
532,2.768,2.763,4.183,3.482,3.194,120107,4.172,3.482,RU149,3.204,-0.054,0.064,-0.02,0.032
533,2.785,2.782,4.204,3.508,3.217,120114,4.187,3.515,RU149,3.217,-0.058,0.04,-0.008,0.03
534,2.793,2.79,4.194,3.519,3.226,120115,4.187,3.519,RU149,3.229,-0.052,0.072,-0.009,0.025
535,2.788,2.782,4.206,3.499,3.227,120116,4.176,3.5,RU149,3.224,-0.062,0.1,-0.01,0.016
536,2.786,2.782,4.207,3.506,3.211,120117,4.167,3.509,RU149,3.207,-0.07,0.076,-0.009,0.044
537,2.8,2.796,4.216,3.505,3.228,120118,4.192,3.517,RU149,3.232,-0.06,0.061,0.051,0.04
538,2.811,2.806,4.238,3.521,3.233,120120,4.2,3.528,RU149,3.237,-0.049,0.128,0.014,0.04
539,2.785,2.779,4.199,3.5,3.183,120121,4.165,3.489,RU149,3.211,-0.048,0.063,0.017,0.02
540,2.82,2.812,4.227,3.527,3.24,120122,4.2,3.518,RU149,3.235,-0.062,0.074,0.023,0.039
541,2.793,2.789,4.215,3.502,3.212,120123,4.198,3.503,RU149,3.216,-0.06,0.06,0.006,0.05
542,2.769,2.764,4.179,3.484,3.2,120124,4.141,3.481,RU149,3.206,-0.045,0.084,-0.006,0.029
543,2.79,2.784,4.205,3.503,3.217,120125,4.177,3.493,RU149,3.223,-0.052,0.075,0.007,0.033
544,2.811,2.805,4.218,3.527,3.244,120127,4.199,3.53,RU149,3.242,-0.058,0.089,-0.01,0.03
545,2.792,2.791,4.191,3.492,3.212,120204,4.185,3.508,RU149,3.218,-0.055,0.046,-0.004,0.05
546,2.78,2.768,4.162,3.441,3.192,120205,4.196,3.48,RU149,3.196,-0.054,0.041,0.017,0.062
547,2.815,2.814,4.221,3.533,3.257,120208,4.182,3.538,RU149,3.262,-0.044,0.087,0.019,0.02
548,2.86,2.866,4.254,3.562,3.3,120209,4.237,3.557,RU149,3.303,-0.066,0.068,-0.012,0.044
549,2.916,2.911,4.32,3.6,3.313,120211,4.296,3.601,RU149,3.312,-0.068,0.089,0.005,0.04
550,2.854,2.85,4.241,3.544,3.269,120213,4.237,3.558,RU149,3.266,-0.059,0.069,-0.015,0.023
551,2.913,2.911,4.294,3.583,3.306,120214,4.271,3.59,RU149,3.31,-0.064,0.068,-0.026,0.034
552,2.982,2.965,4.253,3.631,3.365,120215,4.299,3.629,RU149,3.369,-0.042,-0.035,-0.002,0.026
553,2.887,2.877,4.287,3.578,3.285,120218,4.248,3.578,RU149,3.283,-0.066,0.1,0.021,0.049
554,2.874,2.872,4.275,3.578,3.287,120219,4.241,3.561,RU149,3.288,-0.055,0.085,0.027,0.038
555,2.858,2.855,4.267,3.56,3.27,120220,4.225,3.552,RU149,3.261,-0.05,0.081,0.019,0.049
556,2.071,2.073,3.473,2.802,2.493,120402,3.458,2.808,RU149,2.498,-0.059,0.026,0.0,0.046
557,2.032,2.036,3.471,2.783,2.464,120405,3.445,2.779,RU149,2.465,-0.044,0.054,0.004,0.043
558,2.072,2.055,3.472,2.793,2.483,120406,3.437,2.798,RU149,2.474,-0.075,0.08,-0.008,0.048
559,2.055,2.063,3.471,2.801,2.481,120407,3.432,2.805,RU149,2.481,-0.083,0.081,-0.005,0.028
560,2.095,2.092,3.501,2.824,2.509,120416,3.494,2.828,RU149,2.511,-0.077,0.018,-0.009,0.029
561,2.08,2.075,3.47,2.811,2.489,120419,3.437,2.817,RU149,2.486,-0.061,0.073,-0.016,0.036
562,2.07,2.075,3.5,2.813,2.493,120420,3.466,2.817,RU149,2.49,-0.055,0.121,-0.009,0.032
563,2.099,2.095,3.507,2.829,2.501,120421,3.475,2.835,RU149,2.495,-0.078,0.098,-0.007,0.029
564,2.088,2.087,3.492,2.825,2.505,120422,3.458,2.833,RU149,2.507,-0.072,0.076,-0.004,0.027
565,2.102,2.102,3.534,2.845,2.535,120424,3.506,2.852,RU149,2.539,-0.068,0.06,-0.006,0.013
566,2.09,2.096,3.494,2.821,2.509,120429,3.454,2.83,RU149,2.505,-0.087,0.085,-0.011,0.04
567,2.062,2.086,3.466,2.78,2.495,120508,3.443,2.791,pg1047,2.493,-0.09,0.021,-0.073,0.004
568,2.046,2.08,3.469,2.79,2.496,120509,3.455,2.801,pg1047,2.506,-0.142,0.017,-0.041,-0.032
569,2.061,2.093,3.498,2.799,2.5,120510,3.487,2.818,pg1047,2.508,-0.099,0.032,-0.059,-0.028
570,2.095,2.128,3.503,2.808,2.541,120514,3.505,2.854,pg1047,2.55,-0.125,0.0,-0.069,-0.017
571,2.072,2.099,3.503,2.795,2.51,120517,3.492,2.811,pg1047,2.525,-0.104,0.069,-0.071,-0.029
572,2.064,2.095,3.497,2.813,2.514,120519,3.498,2.823,pg1047,2.518,-0.125,-0.005,-0.043,-0.013
573,2.084,2.12,3.491,2.814,2.524,120522,3.485,2.826,pg1047,2.53,-0.126,0.02,-0.051,-0.023
574,2.078,2.091,3.49,2.796,2.505,120602,3.474,2.82,pg1047,2.509,-0.108,0.022,-0.047,-0.008
575,2.047,2.084,3.488,2.796,2.515,120603,3.482,2.831,pg1047,2.517,-0.133,0.021,-0.079,-0.004
576,2.054,2.094,3.471,2.823,2.532,120604,3.445,2.826,pg1047,2.527,-0.157,0.039,-0.024,-0.041
577,2.078,2.102,3.486,2.816,2.526,120605,3.47,2.822,pg1047,2.524,-0.141,0.015,-0.059,-0.013
578,2.085,2.106,3.494,2.815,2.538,120606,3.474,2.829,pg1047,2.543,-0.114,0.038,-0.059,-0.018
579,2.065,2.098,3.488,2.785,2.509,120619,3.483,2.791,pg1047,2.513,-0.125,0.019,-0.049,-0.012
